Int,Int,Int,Int,Int,Int,Int,Int,Int,Int,Int,Int,Int,Int,Int,Int,Int,Int
ID,Level,Reward1,Count1,Reward2,Count2,Reward3,Count3,Reward4,Count4,Reward5,Count5,Reward6,Count6,Reward7,Count7,Reward8,Count8
1,0,10000,50,10001,1,10002,1,10004,1,-1,-1,-1,-1,-1,-1,-1,-1
2,0,10000,50,10001,1,10002,1,10004,1,-1,-1,-1,-1,-1,-1,-1,-1
3,0,10000,50,10001,1,10002,1,10004,1,-1,-1,-1,-1,-1,-1,-1,-1
4,0,10000,50,10001,1,10002,1,10004,1,-1,-1,-1,-1,-1,-1,-1,-1
5,0,10000,50,10001,1,10002,1,10004,1,10003,50,2000,3,2001,3,2002,3
6,0,10000,50,10001,1,10002,1,10004,1,-1,-1,-1,-1,-1,-1,-1,-1
7,0,10000,50,10001,1,10002,1,10004,1,1000,3,-1,-1,-1,-1,-1,-1
8,0,10000,50,10001,1,10002,1,10004,1,-1,-1,-1,-1,-1,-1,-1,-1
9,0,10000,50,10001,1,10002,1,10004,1,10003,100,-1,-1,-1,-1,-1,-1
10,0,10000,50,10001,1,10002,1,10004,1,-1,-1,-1,-1,-1,-1,-1,-1
11,0,10000,50,10001,1,10002,1,10004,1,-1,-1,-1,-1,-1,-1,-1,-1
12,0,10000,50,10001,1,10002,1,10004,1,1001,3,-1,-1,-1,-1,-1,-1
13,0,10000,50,10001,1,10002,1,10004,1,-1,-1,-1,-1,-1,-1,-1,-1
14,0,10000,50,10001,1,10002,1,10004,1,-1,-1,-1,-1,-1,-1,-1,-1
15,0,10000,50,10001,1,10002,1,10004,1,10003,50,-1,-1,-1,-1,-1,-1
16,0,10000,50,10001,1,10002,1,10004,1,-1,-1,-1,-1,-1,-1,-1,-1
17,0,10000,50,10001,1,10002,1,10004,1,1002,3,-1,-1,-1,-1,-1,-1
18,0,10000,50,10001,1,10002,1,10004,1,-1,-1,-1,-1,-1,-1,-1,-1
19,0,10000,50,10001,1,10002,1,10004,1,10003,100,-1,-1,-1,-1,-1,-1
20,0,10000,50,10001,1,10002,1,10004,1,-1,-1,-1,-1,-1,-1,-1,-1
21,0,10000,50,10001,1,10002,1,10004,1,-1,-1,-1,-1,-1,-1,-1,-1
22,0,10000,50,10001,1,10002,1,10004,1,1003,3,-1,-1,-1,-1,-1,-1
23,0,10000,50,10001,1,10002,1,10004,1,-1,-1,-1,-1,-1,-1,-1,-1
24,0,10000,50,10001,1,10002,1,10004,1,-1,-1,-1,-1,-1,-1,-1,-1
25,0,10000,50,10001,1,10002,1,10004,1,10003,50,-1,-1,-1,-1,-1,-1
26,0,10000,50,10001,1,10002,1,10004,1,-1,-1,-1,-1,-1,-1,-1,-1
27,0,10000,50,10001,1,10002,1,10004,1,-1,-1,-1,-1,-1,-1,-1,-1
28,0,10000,50,10001,1,10002,1,10004,1,-1,-1,-1,-1,-1,-1,-1,-1
29,0,10000,50,10001,1,10002,1,10004,1,10003,100,-1,-1,-1,-1,-1,-1
30,0,10000,50,10001,1,10002,1,10004,1,-1,-1,-1,-1,-1,-1,-1,-1
31,0,10000,50,10001,1,10002,1,10004,1,-1,-1,-1,-1,-1,-1,-1,-1
32,0,10000,50,10001,1,10002,1,10004,1,-1,-1,-1,-1,-1,-1,-1,-1
33,0,10000,50,10001,1,10002,1,10004,1,-1,-1,-1,-1,-1,-1,-1,-1
34,0,10000,50,10001,1,10002,1,10004,1,-1,-1,-1,-1,-1,-1,-1,-1
35,1,10000,100,10001,2,10002,2,10004,2,10003,50,-1,-1,-1,-1,-1,-1
36,0,10000,50,10001,1,10002,1,10004,1,-1,-1,-1,-1,-1,-1,-1,-1
37,0,10000,50,10001,1,10002,1,10004,1,-1,-1,-1,-1,-1,-1,-1,-1
38,0,10000,50,10001,1,10002,1,10004,1,-1,-1,-1,-1,-1,-1,-1,-1
39,2,10000,150,10001,3,10002,3,10004,3,10003,100,-1,-1,-1,-1,-1,-1
40,0,10000,50,10001,1,10002,1,10004,1,-1,-1,-1,-1,-1,-1,-1,-1
41,0,10000,50,10001,1,10002,1,10004,1,-1,-1,-1,-1,-1,-1,-1,-1
42,0,10000,50,10001,1,10002,1,10004,1,-1,-1,-1,-1,-1,-1,-1,-1
43,0,10000,50,10001,1,10002,1,10004,1,-1,-1,-1,-1,-1,-1,-1,-1
44,0,10000,50,10001,1,10002,1,10004,1,-1,-1,-1,-1,-1,-1,-1,-1
45,1,10000,100,10001,2,10002,2,10004,2,10003,50,-1,-1,-1,-1,-1,-1
46,0,10000,50,10001,1,10002,1,10004,1,-1,-1,-1,-1,-1,-1,-1,-1
47,0,10000,50,10001,1,10002,1,10004,1,-1,-1,-1,-1,-1,-1,-1,-1
48,0,10000,50,10001,1,10002,1,10004,1,-1,-1,-1,-1,-1,-1,-1,-1
49,2,10000,150,10001,3,10002,3,10004,3,10003,100,-1,-1,-1,-1,-1,-1
50,0,10000,50,10001,1,10002,1,10004,1,-1,-1,-1,-1,-1,-1,-1,-1
51,0,10000,50,10001,1,10002,1,10004,1,-1,-1,-1,-1,-1,-1,-1,-1
52,0,10000,50,10001,1,10002,1,10004,1,-1,-1,-1,-1,-1,-1,-1,-1
53,0,10000,50,10001,1,10002,1,10004,1,-1,-1,-1,-1,-1,-1,-1,-1
54,0,10000,50,10001,1,10002,1,10004,1,-1,-1,-1,-1,-1,-1,-1,-1
55,1,10000,100,10001,2,10002,2,10004,2,10003,50,-1,-1,-1,-1,-1,-1
56,0,10000,50,10001,1,10002,1,10004,1,-1,-1,-1,-1,-1,-1,-1,-1
57,0,10000,50,10001,1,10002,1,10004,1,-1,-1,-1,-1,-1,-1,-1,-1
58,0,10000,50,10001,1,10002,1,10004,1,-1,-1,-1,-1,-1,-1,-1,-1
59,2,10000,150,10001,3,10002,3,10004,3,10003,100,-1,-1,-1,-1,-1,-1
60,0,10000,50,10001,1,10002,1,10004,1,-1,-1,-1,-1,-1,-1,-1,-1
61,0,10000,50,10001,1,10002,1,10004,1,-1,-1,-1,-1,-1,-1,-1,-1
62,0,10000,50,10001,1,10002,1,10004,1,-1,-1,-1,-1,-1,-1,-1,-1
63,0,10000,50,10001,1,10002,1,10004,1,-1,-1,-1,-1,-1,-1,-1,-1
64,0,10000,50,10001,1,10002,1,10004,1,-1,-1,-1,-1,-1,-1,-1,-1
65,1,10000,100,10001,2,10002,2,10004,2,10003,50,-1,-1,-1,-1,-1,-1
66,0,10000,50,10001,1,10002,1,10004,1,-1,-1,-1,-1,-1,-1,-1,-1
67,0,10000,50,10001,1,10002,1,10004,1,-1,-1,-1,-1,-1,-1,-1,-1
68,0,10000,50,10001,1,10002,1,10004,1,-1,-1,-1,-1,-1,-1,-1,-1
69,2,10000,150,10001,3,10002,3,10004,3,10003,100,-1,-1,-1,-1,-1,-1
70,0,10000,50,10001,1,10002,1,10004,1,-1,-1,-1,-1,-1,-1,-1,-1
71,0,10000,50,10001,1,10002,1,10004,1,-1,-1,-1,-1,-1,-1,-1,-1
72,0,10000,50,10001,1,10002,1,10004,1,-1,-1,-1,-1,-1,-1,-1,-1
73,0,10000,50,10001,1,10002,1,10004,1,-1,-1,-1,-1,-1,-1,-1,-1
74,0,10000,50,10001,1,10002,1,10004,1,-1,-1,-1,-1,-1,-1,-1,-1
75,1,10000,100,10001,2,10002,2,10004,2,10003,50,-1,-1,-1,-1,-1,-1
76,0,10000,50,10001,1,10002,1,10004,1,-1,-1,-1,-1,-1,-1,-1,-1
77,0,10000,50,10001,1,10002,1,10004,1,-1,-1,-1,-1,-1,-1,-1,-1
78,0,10000,50,10001,1,10002,1,10004,1,-1,-1,-1,-1,-1,-1,-1,-1
79,2,10000,150,10001,3,10002,3,10004,3,10003,100,-1,-1,-1,-1,-1,-1
80,0,10000,50,10001,1,10002,1,10004,1,-1,-1,-1,-1,-1,-1,-1,-1
81,0,10000,50,10001,1,10002,1,10004,1,-1,-1,-1,-1,-1,-1,-1,-1
82,0,10000,50,10001,1,10002,1,10004,1,-1,-1,-1,-1,-1,-1,-1,-1
83,0,10000,50,10001,1,10002,1,10004,1,-1,-1,-1,-1,-1,-1,-1,-1
84,0,10000,50,10001,1,10002,1,10004,1,-1,-1,-1,-1,-1,-1,-1,-1
85,1,10000,100,10001,2,10002,2,10004,2,10003,50,-1,-1,-1,-1,-1,-1
86,0,10000,50,10001,1,10002,1,10004,1,-1,-1,-1,-1,-1,-1,-1,-1
87,0,10000,50,10001,1,10002,1,10004,1,-1,-1,-1,-1,-1,-1,-1,-1
88,0,10000,50,10001,1,10002,1,10004,1,-1,-1,-1,-1,-1,-1,-1,-1
89,2,10000,150,10001,3,10002,3,10004,3,10003,100,-1,-1,-1,-1,-1,-1
90,0,10000,50,10001,1,10002,1,10004,1,-1,-1,-1,-1,-1,-1,-1,-1
91,0,10000,50,10001,1,10002,1,10004,1,-1,-1,-1,-1,-1,-1,-1,-1
92,0,10000,50,10001,1,10002,1,10004,1,-1,-1,-1,-1,-1,-1,-1,-1
93,0,10000,50,10001,1,10002,1,10004,1,-1,-1,-1,-1,-1,-1,-1,-1
94,0,10000,50,10001,1,10002,1,10004,1,-1,-1,-1,-1,-1,-1,-1,-1
95,1,10000,100,10001,2,10002,2,10004,2,10003,50,-1,-1,-1,-1,-1,-1
96,0,10000,50,10001,1,10002,1,10004,1,-1,-1,-1,-1,-1,-1,-1,-1
97,0,10000,50,10001,1,10002,1,10004,1,-1,-1,-1,-1,-1,-1,-1,-1
98,0,10000,50,10001,1,10002,1,10004,1,-1,-1,-1,-1,-1,-1,-1,-1
99,2,10000,150,10001,3,10002,3,10004,3,10003,100,-1,-1,-1,-1,-1,-1
100,0,10000,50,10001,1,10002,1,10004,1,-1,-1,-1,-1,-1,-1,-1,-1
101,0,10000,50,10001,1,10002,1,10004,1,-1,-1,-1,-1,-1,-1,-1,-1
102,0,10000,50,10001,1,10002,1,10004,1,-1,-1,-1,-1,-1,-1,-1,-1
103,0,10000,50,10001,1,10002,1,10004,1,-1,-1,-1,-1,-1,-1,-1,-1
104,0,10000,50,10001,1,10002,1,10004,1,-1,-1,-1,-1,-1,-1,-1,-1
105,1,10000,100,10001,2,10002,2,10004,2,10003,50,-1,-1,-1,-1,-1,-1
106,0,10000,50,10001,1,10002,1,10004,1,-1,-1,-1,-1,-1,-1,-1,-1
107,0,10000,50,10001,1,10002,1,10004,1,-1,-1,-1,-1,-1,-1,-1,-1
108,0,10000,50,10001,1,10002,1,10004,1,-1,-1,-1,-1,-1,-1,-1,-1
109,2,10000,150,10001,3,10002,3,10004,3,10003,100,-1,-1,-1,-1,-1,-1
110,0,10000,50,10001,1,10002,1,10004,1,-1,-1,-1,-1,-1,-1,-1,-1
111,0,10000,50,10001,1,10002,1,10004,1,-1,-1,-1,-1,-1,-1,-1,-1
112,0,10000,50,10001,1,10002,1,10004,1,-1,-1,-1,-1,-1,-1,-1,-1
113,0,10000,50,10001,1,10002,1,10004,1,-1,-1,-1,-1,-1,-1,-1,-1
114,0,10000,50,10001,1,10002,1,10004,1,-1,-1,-1,-1,-1,-1,-1,-1
115,1,10000,100,10001,2,10002,2,10004,2,10003,50,-1,-1,-1,-1,-1,-1
116,0,10000,50,10001,1,10002,1,10004,1,-1,-1,-1,-1,-1,-1,-1,-1
117,0,10000,50,10001,1,10002,1,10004,1,-1,-1,-1,-1,-1,-1,-1,-1
118,0,10000,50,10001,1,10002,1,10004,1,-1,-1,-1,-1,-1,-1,-1,-1
119,2,10000,150,10001,3,10002,3,10004,3,10003,100,-1,-1,-1,-1,-1,-1
120,0,10000,50,10001,1,10002,1,10004,1,-1,-1,-1,-1,-1,-1,-1,-1
121,0,10000,50,10001,1,10002,1,10004,1,-1,-1,-1,-1,-1,-1,-1,-1
122,0,10000,50,10001,1,10002,1,10004,1,-1,-1,-1,-1,-1,-1,-1,-1
123,0,10000,50,10001,1,10002,1,10004,1,-1,-1,-1,-1,-1,-1,-1,-1
124,0,10000,50,10001,1,10002,1,10004,1,-1,-1,-1,-1,-1,-1,-1,-1
125,1,10000,100,10001,2,10002,2,10004,2,10003,50,-1,-1,-1,-1,-1,-1
126,0,10000,50,10001,1,10002,1,10004,1,-1,-1,-1,-1,-1,-1,-1,-1
127,0,10000,50,10001,1,10002,1,10004,1,-1,-1,-1,-1,-1,-1,-1,-1
128,0,10000,50,10001,1,10002,1,10004,1,-1,-1,-1,-1,-1,-1,-1,-1
129,2,10000,150,10001,3,10002,3,10004,3,10003,100,-1,-1,-1,-1,-1,-1
130,0,10000,50,10001,1,10002,1,10004,1,-1,-1,-1,-1,-1,-1,-1,-1
131,0,10000,50,10001,1,10002,1,10004,1,-1,-1,-1,-1,-1,-1,-1,-1
132,0,10000,50,10001,1,10002,1,10004,1,-1,-1,-1,-1,-1,-1,-1,-1
133,0,10000,50,10001,1,10002,1,10004,1,-1,-1,-1,-1,-1,-1,-1,-1
134,0,10000,50,10001,1,10002,1,10004,1,-1,-1,-1,-1,-1,-1,-1,-1
135,1,10000,100,10001,2,10002,2,10004,2,10003,50,-1,-1,-1,-1,-1,-1
136,0,10000,50,10001,1,10002,1,10004,1,-1,-1,-1,-1,-1,-1,-1,-1
137,0,10000,50,10001,1,10002,1,10004,1,-1,-1,-1,-1,-1,-1,-1,-1
138,0,10000,50,10001,1,10002,1,10004,1,-1,-1,-1,-1,-1,-1,-1,-1
139,2,10000,150,10001,3,10002,3,10004,3,10003,100,-1,-1,-1,-1,-1,-1
140,0,10000,50,10001,1,10002,1,10004,1,-1,-1,-1,-1,-1,-1,-1,-1
141,0,10000,50,10001,1,10002,1,10004,1,-1,-1,-1,-1,-1,-1,-1,-1
142,0,10000,50,10001,1,10002,1,10004,1,-1,-1,-1,-1,-1,-1,-1,-1
143,0,10000,50,10001,1,10002,1,10004,1,-1,-1,-1,-1,-1,-1,-1,-1
144,0,10000,50,10001,1,10002,1,10004,1,-1,-1,-1,-1,-1,-1,-1,-1
145,1,10000,100,10001,2,10002,2,10004,2,10003,50,-1,-1,-1,-1,-1,-1
146,0,10000,50,10001,1,10002,1,10004,1,-1,-1,-1,-1,-1,-1,-1,-1
147,0,10000,50,10001,1,10002,1,10004,1,-1,-1,-1,-1,-1,-1,-1,-1
148,0,10000,50,10001,1,10002,1,10004,1,-1,-1,-1,-1,-1,-1,-1,-1
149,2,10000,150,10001,3,10002,3,10004,3,10003,100,-1,-1,-1,-1,-1,-1
150,0,10000,50,10001,1,10002,1,10004,1,-1,-1,-1,-1,-1,-1,-1,-1
151,0,10000,50,10001,1,10002,1,10004,1,-1,-1,-1,-1,-1,-1,-1,-1
152,0,10000,50,10001,1,10002,1,10004,1,-1,-1,-1,-1,-1,-1,-1,-1
153,0,10000,50,10001,1,10002,1,10004,1,-1,-1,-1,-1,-1,-1,-1,-1
154,0,10000,50,10001,1,10002,1,10004,1,-1,-1,-1,-1,-1,-1,-1,-1
155,1,10000,100,10001,2,10002,2,10004,2,10003,50,-1,-1,-1,-1,-1,-1
156,0,10000,50,10001,1,10002,1,10004,1,-1,-1,-1,-1,-1,-1,-1,-1
157,0,10000,50,10001,1,10002,1,10004,1,-1,-1,-1,-1,-1,-1,-1,-1
158,0,10000,50,10001,1,10002,1,10004,1,-1,-1,-1,-1,-1,-1,-1,-1
159,2,10000,150,10001,3,10002,3,10004,3,10003,100,-1,-1,-1,-1,-1,-1
160,0,10000,50,10001,1,10002,1,10004,1,-1,-1,-1,-1,-1,-1,-1,-1
161,0,10000,50,10001,1,10002,1,10004,1,-1,-1,-1,-1,-1,-1,-1,-1
162,0,10000,50,10001,1,10002,1,10004,1,-1,-1,-1,-1,-1,-1,-1,-1
163,0,10000,50,10001,1,10002,1,10004,1,-1,-1,-1,-1,-1,-1,-1,-1
164,0,10000,50,10001,1,10002,1,10004,1,-1,-1,-1,-1,-1,-1,-1,-1
165,1,10000,100,10001,2,10002,2,10004,2,10003,50,-1,-1,-1,-1,-1,-1
166,0,10000,50,10001,1,10002,1,10004,1,-1,-1,-1,-1,-1,-1,-1,-1
167,0,10000,50,10001,1,10002,1,10004,1,-1,-1,-1,-1,-1,-1,-1,-1
168,0,10000,50,10001,1,10002,1,10004,1,-1,-1,-1,-1,-1,-1,-1,-1
169,2,10000,150,10001,3,10002,3,10004,3,10003,100,-1,-1,-1,-1,-1,-1
170,0,10000,50,10001,1,10002,1,10004,1,-1,-1,-1,-1,-1,-1,-1,-1
171,0,10000,50,10001,1,10002,1,10004,1,-1,-1,-1,-1,-1,-1,-1,-1
172,0,10000,50,10001,1,10002,1,10004,1,-1,-1,-1,-1,-1,-1,-1,-1
173,0,10000,50,10001,1,10002,1,10004,1,-1,-1,-1,-1,-1,-1,-1,-1
174,0,10000,50,10001,1,10002,1,10004,1,-1,-1,-1,-1,-1,-1,-1,-1
175,1,10000,100,10001,2,10002,2,10004,2,10003,50,-1,-1,-1,-1,-1,-1
176,0,10000,50,10001,1,10002,1,10004,1,-1,-1,-1,-1,-1,-1,-1,-1
177,0,10000,50,10001,1,10002,1,10004,1,-1,-1,-1,-1,-1,-1,-1,-1
178,0,10000,50,10001,1,10002,1,10004,1,-1,-1,-1,-1,-1,-1,-1,-1
179,2,10000,150,10001,3,10002,3,10004,3,10003,100,-1,-1,-1,-1,-1,-1
180,0,10000,50,10001,1,10002,1,10004,1,-1,-1,-1,-1,-1,-1,-1,-1
181,0,10000,50,10001,1,10002,1,10004,1,-1,-1,-1,-1,-1,-1,-1,-1
182,0,10000,50,10001,1,10002,1,10004,1,-1,-1,-1,-1,-1,-1,-1,-1
183,0,10000,50,10001,1,10002,1,10004,1,-1,-1,-1,-1,-1,-1,-1,-1
184,0,10000,50,10001,1,10002,1,10004,1,-1,-1,-1,-1,-1,-1,-1,-1
185,1,10000,100,10001,2,10002,2,10004,2,10003,50,-1,-1,-1,-1,-1,-1
186,0,10000,50,10001,1,10002,1,10004,1,-1,-1,-1,-1,-1,-1,-1,-1
187,0,10000,50,10001,1,10002,1,10004,1,-1,-1,-1,-1,-1,-1,-1,-1
188,0,10000,50,10001,1,10002,1,10004,1,-1,-1,-1,-1,-1,-1,-1,-1
189,2,10000,150,10001,3,10002,3,10004,3,10003,100,-1,-1,-1,-1,-1,-1
190,0,10000,50,10001,1,10002,1,10004,1,-1,-1,-1,-1,-1,-1,-1,-1
191,0,10000,50,10001,1,10002,1,10004,1,-1,-1,-1,-1,-1,-1,-1,-1
192,0,10000,50,10001,1,10002,1,10004,1,-1,-1,-1,-1,-1,-1,-1,-1
193,0,10000,50,10001,1,10002,1,10004,1,-1,-1,-1,-1,-1,-1,-1,-1
194,0,10000,50,10001,1,10002,1,10004,1,-1,-1,-1,-1,-1,-1,-1,-1
195,1,10000,100,10001,2,10002,2,10004,2,10003,50,-1,-1,-1,-1,-1,-1
196,0,10000,50,10001,1,10002,1,10004,1,-1,-1,-1,-1,-1,-1,-1,-1
197,0,10000,50,10001,1,10002,1,10004,1,-1,-1,-1,-1,-1,-1,-1,-1
198,0,10000,50,10001,1,10002,1,10004,1,-1,-1,-1,-1,-1,-1,-1,-1
199,2,10000,150,10001,3,10002,3,10004,3,10003,100,-1,-1,-1,-1,-1,-1
200,0,10000,50,10001,1,10002,1,10004,2,-1,-1,-1,-1,-1,-1,-1,-1
201,0,10000,50,10001,1,10002,1,10004,2,-1,-1,-1,-1,-1,-1,-1,-1
202,0,10000,50,10001,1,10002,1,10004,2,-1,-1,-1,-1,-1,-1,-1,-1
203,0,10000,50,10001,1,10002,1,10004,2,-1,-1,-1,-1,-1,-1,-1,-1
204,0,10000,50,10001,1,10002,1,10004,2,-1,-1,-1,-1,-1,-1,-1,-1
205,1,10000,100,10001,2,10002,2,10004,3,10003,50,-1,-1,-1,-1,-1,-1
206,0,10000,50,10001,1,10002,1,10004,2,-1,-1,-1,-1,-1,-1,-1,-1
207,0,10000,50,10001,1,10002,1,10004,2,-1,-1,-1,-1,-1,-1,-1,-1
208,0,10000,50,10001,1,10002,1,10004,2,-1,-1,-1,-1,-1,-1,-1,-1
209,2,10000,150,10001,3,10002,3,10004,4,10003,100,-1,-1,-1,-1,-1,-1
210,0,10000,50,10001,1,10002,1,10004,2,-1,-1,-1,-1,-1,-1,-1,-1
211,0,10000,50,10001,1,10002,1,10004,2,-1,-1,-1,-1,-1,-1,-1,-1
212,0,10000,50,10001,1,10002,1,10004,2,-1,-1,-1,-1,-1,-1,-1,-1
213,0,10000,50,10001,1,10002,1,10004,2,-1,-1,-1,-1,-1,-1,-1,-1
214,0,10000,50,10001,1,10002,1,10004,2,-1,-1,-1,-1,-1,-1,-1,-1
215,1,10000,100,10001,2,10002,2,10004,3,10003,50,-1,-1,-1,-1,-1,-1
216,0,10000,50,10001,1,10002,1,10004,2,-1,-1,-1,-1,-1,-1,-1,-1
217,0,10000,50,10001,1,10002,1,10004,2,-1,-1,-1,-1,-1,-1,-1,-1
218,0,10000,50,10001,1,10002,1,10004,2,-1,-1,-1,-1,-1,-1,-1,-1
219,2,10000,150,10001,3,10002,3,10004,4,10003,100,-1,-1,-1,-1,-1,-1
220,0,10000,50,10001,1,10002,1,10004,2,-1,-1,-1,-1,-1,-1,-1,-1
221,0,10000,50,10001,1,10002,1,10004,2,-1,-1,-1,-1,-1,-1,-1,-1
222,0,10000,50,10001,1,10002,1,10004,2,-1,-1,-1,-1,-1,-1,-1,-1
223,0,10000,50,10001,1,10002,1,10004,2,-1,-1,-1,-1,-1,-1,-1,-1
224,0,10000,50,10001,1,10002,1,10004,2,-1,-1,-1,-1,-1,-1,-1,-1
225,1,10000,100,10001,2,10002,2,10004,3,10003,50,-1,-1,-1,-1,-1,-1
226,0,10000,50,10001,1,10002,1,10004,2,-1,-1,-1,-1,-1,-1,-1,-1
227,0,10000,50,10001,1,10002,1,10004,2,-1,-1,-1,-1,-1,-1,-1,-1
228,0,10000,50,10001,1,10002,1,10004,2,-1,-1,-1,-1,-1,-1,-1,-1
229,2,10000,150,10001,3,10002,3,10004,4,10003,100,-1,-1,-1,-1,-1,-1
230,0,10000,50,10001,1,10002,1,10004,2,-1,-1,-1,-1,-1,-1,-1,-1
231,0,10000,50,10001,1,10002,1,10004,2,-1,-1,-1,-1,-1,-1,-1,-1
232,0,10000,50,10001,1,10002,1,10004,2,-1,-1,-1,-1,-1,-1,-1,-1
233,0,10000,50,10001,1,10002,1,10004,2,-1,-1,-1,-1,-1,-1,-1,-1
234,0,10000,50,10001,1,10002,1,10004,2,-1,-1,-1,-1,-1,-1,-1,-1
235,1,10000,100,10001,2,10002,2,10004,3,10003,50,-1,-1,-1,-1,-1,-1
236,0,10000,50,10001,1,10002,1,10004,2,-1,-1,-1,-1,-1,-1,-1,-1
237,0,10000,50,10001,1,10002,1,10004,2,-1,-1,-1,-1,-1,-1,-1,-1
238,0,10000,50,10001,1,10002,1,10004,2,-1,-1,-1,-1,-1,-1,-1,-1
239,2,10000,150,10001,3,10002,3,10004,4,10003,100,-1,-1,-1,-1,-1,-1
240,0,10000,50,10001,1,10002,1,10004,2,-1,-1,-1,-1,-1,-1,-1,-1
241,0,10000,50,10001,1,10002,1,10004,2,-1,-1,-1,-1,-1,-1,-1,-1
242,0,10000,50,10001,1,10002,1,10004,2,-1,-1,-1,-1,-1,-1,-1,-1
243,0,10000,50,10001,1,10002,1,10004,2,-1,-1,-1,-1,-1,-1,-1,-1
244,0,10000,50,10001,1,10002,1,10004,2,-1,-1,-1,-1,-1,-1,-1,-1
245,1,10000,100,10001,2,10002,2,10004,3,10003,50,-1,-1,-1,-1,-1,-1
246,0,10000,50,10001,1,10002,1,10004,2,-1,-1,-1,-1,-1,-1,-1,-1
247,0,10000,50,10001,1,10002,1,10004,2,-1,-1,-1,-1,-1,-1,-1,-1
248,0,10000,50,10001,1,10002,1,10004,2,-1,-1,-1,-1,-1,-1,-1,-1
249,2,10000,150,10001,3,10002,3,10004,4,10003,100,-1,-1,-1,-1,-1,-1
250,0,10000,50,10001,1,10002,1,10004,2,-1,-1,-1,-1,-1,-1,-1,-1
251,0,10000,50,10001,1,10002,1,10004,2,-1,-1,-1,-1,-1,-1,-1,-1
252,0,10000,50,10001,1,10002,1,10004,2,-1,-1,-1,-1,-1,-1,-1,-1
253,0,10000,50,10001,1,10002,1,10004,2,-1,-1,-1,-1,-1,-1,-1,-1
254,0,10000,50,10001,1,10002,1,10004,2,-1,-1,-1,-1,-1,-1,-1,-1
255,1,10000,100,10001,2,10002,2,10004,3,10003,50,-1,-1,-1,-1,-1,-1
256,0,10000,50,10001,1,10002,1,10004,2,-1,-1,-1,-1,-1,-1,-1,-1
257,0,10000,50,10001,1,10002,1,10004,2,-1,-1,-1,-1,-1,-1,-1,-1
258,0,10000,50,10001,1,10002,1,10004,2,-1,-1,-1,-1,-1,-1,-1,-1
259,2,10000,150,10001,3,10002,3,10004,4,10003,100,-1,-1,-1,-1,-1,-1
260,0,10000,50,10001,1,10002,1,10004,2,-1,-1,-1,-1,-1,-1,-1,-1
261,0,10000,50,10001,1,10002,1,10004,2,-1,-1,-1,-1,-1,-1,-1,-1
262,0,10000,50,10001,1,10002,1,10004,2,-1,-1,-1,-1,-1,-1,-1,-1
263,0,10000,50,10001,1,10002,1,10004,2,-1,-1,-1,-1,-1,-1,-1,-1
264,0,10000,50,10001,1,10002,1,10004,2,-1,-1,-1,-1,-1,-1,-1,-1
265,1,10000,100,10001,2,10002,2,10004,3,10003,50,-1,-1,-1,-1,-1,-1
266,0,10000,50,10001,1,10002,1,10004,2,-1,-1,-1,-1,-1,-1,-1,-1
267,0,10000,50,10001,1,10002,1,10004,2,-1,-1,-1,-1,-1,-1,-1,-1
268,0,10000,50,10001,1,10002,1,10004,2,-1,-1,-1,-1,-1,-1,-1,-1
269,2,10000,150,10001,3,10002,3,10004,4,10003,100,-1,-1,-1,-1,-1,-1
270,0,10000,50,10001,1,10002,1,10004,2,-1,-1,-1,-1,-1,-1,-1,-1
271,0,10000,50,10001,1,10002,1,10004,2,-1,-1,-1,-1,-1,-1,-1,-1
272,0,10000,50,10001,1,10002,1,10004,2,-1,-1,-1,-1,-1,-1,-1,-1
273,0,10000,50,10001,1,10002,1,10004,2,-1,-1,-1,-1,-1,-1,-1,-1
274,0,10000,50,10001,1,10002,1,10004,2,-1,-1,-1,-1,-1,-1,-1,-1
275,1,10000,100,10001,2,10002,2,10004,3,10003,50,-1,-1,-1,-1,-1,-1
276,0,10000,50,10001,1,10002,1,10004,2,-1,-1,-1,-1,-1,-1,-1,-1
277,0,10000,50,10001,1,10002,1,10004,2,-1,-1,-1,-1,-1,-1,-1,-1
278,0,10000,50,10001,1,10002,1,10004,2,-1,-1,-1,-1,-1,-1,-1,-1
279,2,10000,150,10001,3,10002,3,10004,4,10003,100,-1,-1,-1,-1,-1,-1
280,0,10000,50,10001,1,10002,1,10004,2,-1,-1,-1,-1,-1,-1,-1,-1
281,0,10000,50,10001,1,10002,1,10004,2,-1,-1,-1,-1,-1,-1,-1,-1
282,0,10000,50,10001,1,10002,1,10004,2,-1,-1,-1,-1,-1,-1,-1,-1
283,0,10000,50,10001,1,10002,1,10004,2,-1,-1,-1,-1,-1,-1,-1,-1
284,0,10000,50,10001,1,10002,1,10004,2,-1,-1,-1,-1,-1,-1,-1,-1
285,1,10000,100,10001,2,10002,2,10004,3,10003,50,-1,-1,-1,-1,-1,-1
286,0,10000,50,10001,1,10002,1,10004,2,-1,-1,-1,-1,-1,-1,-1,-1
287,0,10000,50,10001,1,10002,1,10004,2,-1,-1,-1,-1,-1,-1,-1,-1
288,0,10000,50,10001,1,10002,1,10004,2,-1,-1,-1,-1,-1,-1,-1,-1
289,2,10000,150,10001,3,10002,3,10004,4,10003,100,-1,-1,-1,-1,-1,-1
290,0,10000,50,10001,1,10002,1,10004,2,-1,-1,-1,-1,-1,-1,-1,-1
291,0,10000,50,10001,1,10002,1,10004,2,-1,-1,-1,-1,-1,-1,-1,-1
292,0,10000,50,10001,1,10002,1,10004,2,-1,-1,-1,-1,-1,-1,-1,-1
293,0,10000,50,10001,1,10002,1,10004,2,-1,-1,-1,-1,-1,-1,-1,-1
294,0,10000,50,10001,1,10002,1,10004,2,-1,-1,-1,-1,-1,-1,-1,-1
295,1,10000,100,10001,2,10002,2,10004,3,10003,50,-1,-1,-1,-1,-1,-1
296,0,10000,50,10001,1,10002,1,10004,2,-1,-1,-1,-1,-1,-1,-1,-1
297,0,10000,50,10001,1,10002,1,10004,2,-1,-1,-1,-1,-1,-1,-1,-1
298,0,10000,50,10001,1,10002,1,10004,2,-1,-1,-1,-1,-1,-1,-1,-1
299,2,10000,150,10001,3,10002,3,10004,4,10003,100,-1,-1,-1,-1,-1,-1
300,0,10000,50,10001,1,10002,1,10004,2,-1,-1,-1,-1,-1,-1,-1,-1
301,0,10000,50,10001,1,10002,1,10004,2,-1,-1,-1,-1,-1,-1,-1,-1
302,0,10000,50,10001,1,10002,1,10004,2,-1,-1,-1,-1,-1,-1,-1,-1
303,0,10000,50,10001,1,10002,1,10004,2,-1,-1,-1,-1,-1,-1,-1,-1
304,0,10000,50,10001,1,10002,1,10004,2,-1,-1,-1,-1,-1,-1,-1,-1
305,1,10000,100,10001,2,10002,2,10004,3,10003,50,-1,-1,-1,-1,-1,-1
306,0,10000,50,10001,1,10002,1,10004,2,-1,-1,-1,-1,-1,-1,-1,-1
307,0,10000,50,10001,1,10002,1,10004,2,-1,-1,-1,-1,-1,-1,-1,-1
308,0,10000,50,10001,1,10002,1,10004,2,-1,-1,-1,-1,-1,-1,-1,-1
309,2,10000,150,10001,3,10002,3,10004,4,10003,100,-1,-1,-1,-1,-1,-1
310,0,10000,50,10001,1,10002,1,10004,2,-1,-1,-1,-1,-1,-1,-1,-1
311,0,10000,50,10001,1,10002,1,10004,2,-1,-1,-1,-1,-1,-1,-1,-1
312,0,10000,50,10001,1,10002,1,10004,2,-1,-1,-1,-1,-1,-1,-1,-1
313,0,10000,50,10001,1,10002,1,10004,2,-1,-1,-1,-1,-1,-1,-1,-1
314,0,10000,50,10001,1,10002,1,10004,2,-1,-1,-1,-1,-1,-1,-1,-1
315,1,10000,100,10001,2,10002,2,10004,3,10003,50,-1,-1,-1,-1,-1,-1
316,0,10000,50,10001,1,10002,1,10004,2,-1,-1,-1,-1,-1,-1,-1,-1
317,0,10000,50,10001,1,10002,1,10004,2,-1,-1,-1,-1,-1,-1,-1,-1
318,0,10000,50,10001,1,10002,1,10004,2,-1,-1,-1,-1,-1,-1,-1,-1
319,2,10000,150,10001,3,10002,3,10004,4,10003,100,-1,-1,-1,-1,-1,-1
320,0,10000,50,10001,1,10002,1,10004,2,-1,-1,-1,-1,-1,-1,-1,-1
321,0,10000,50,10001,1,10002,1,10004,2,-1,-1,-1,-1,-1,-1,-1,-1
322,0,10000,50,10001,1,10002,1,10004,2,-1,-1,-1,-1,-1,-1,-1,-1
323,0,10000,50,10001,1,10002,1,10004,2,-1,-1,-1,-1,-1,-1,-1,-1
324,0,10000,50,10001,1,10002,1,10004,2,-1,-1,-1,-1,-1,-1,-1,-1
325,1,10000,100,10001,2,10002,2,10004,3,10003,50,-1,-1,-1,-1,-1,-1
326,0,10000,50,10001,1,10002,1,10004,2,-1,-1,-1,-1,-1,-1,-1,-1
327,0,10000,50,10001,1,10002,1,10004,2,-1,-1,-1,-1,-1,-1,-1,-1
328,0,10000,50,10001,1,10002,1,10004,2,-1,-1,-1,-1,-1,-1,-1,-1
329,2,10000,150,10001,3,10002,3,10004,4,10003,100,-1,-1,-1,-1,-1,-1
330,0,10000,50,10001,1,10002,1,10004,2,-1,-1,-1,-1,-1,-1,-1,-1
331,0,10000,50,10001,1,10002,1,10004,2,-1,-1,-1,-1,-1,-1,-1,-1
332,0,10000,50,10001,1,10002,1,10004,2,-1,-1,-1,-1,-1,-1,-1,-1
333,0,10000,50,10001,1,10002,1,10004,2,-1,-1,-1,-1,-1,-1,-1,-1
334,0,10000,50,10001,1,10002,1,10004,2,-1,-1,-1,-1,-1,-1,-1,-1
335,1,10000,100,10001,2,10002,2,10004,3,10003,50,-1,-1,-1,-1,-1,-1
336,0,10000,50,10001,1,10002,1,10004,2,-1,-1,-1,-1,-1,-1,-1,-1
337,0,10000,50,10001,1,10002,1,10004,2,-1,-1,-1,-1,-1,-1,-1,-1
338,0,10000,50,10001,1,10002,1,10004,2,-1,-1,-1,-1,-1,-1,-1,-1
339,2,10000,150,10001,3,10002,3,10004,4,10003,100,-1,-1,-1,-1,-1,-1
340,0,10000,50,10001,1,10002,1,10004,2,-1,-1,-1,-1,-1,-1,-1,-1
341,0,10000,50,10001,1,10002,1,10004,2,-1,-1,-1,-1,-1,-1,-1,-1
342,0,10000,50,10001,1,10002,1,10004,2,-1,-1,-1,-1,-1,-1,-1,-1
343,0,10000,50,10001,1,10002,1,10004,2,-1,-1,-1,-1,-1,-1,-1,-1
344,0,10000,50,10001,1,10002,1,10004,2,-1,-1,-1,-1,-1,-1,-1,-1
345,1,10000,100,10001,2,10002,2,10004,3,10003,50,-1,-1,-1,-1,-1,-1
346,0,10000,50,10001,1,10002,1,10004,2,-1,-1,-1,-1,-1,-1,-1,-1
347,0,10000,50,10001,1,10002,1,10004,2,-1,-1,-1,-1,-1,-1,-1,-1
348,0,10000,50,10001,1,10002,1,10004,2,-1,-1,-1,-1,-1,-1,-1,-1
349,2,10000,150,10001,3,10002,3,10004,4,10003,100,-1,-1,-1,-1,-1,-1
350,0,10000,50,10001,1,10002,1,10004,2,-1,-1,-1,-1,-1,-1,-1,-1
351,0,10000,50,10001,1,10002,1,10004,2,-1,-1,-1,-1,-1,-1,-1,-1
352,0,10000,50,10001,1,10002,1,10004,2,-1,-1,-1,-1,-1,-1,-1,-1
353,0,10000,50,10001,1,10002,1,10004,2,-1,-1,-1,-1,-1,-1,-1,-1
354,0,10000,50,10001,1,10002,1,10004,2,-1,-1,-1,-1,-1,-1,-1,-1
355,1,10000,100,10001,2,10002,2,10004,3,10003,50,-1,-1,-1,-1,-1,-1
356,0,10000,50,10001,1,10002,1,10004,2,-1,-1,-1,-1,-1,-1,-1,-1
357,0,10000,50,10001,1,10002,1,10004,2,-1,-1,-1,-1,-1,-1,-1,-1
358,0,10000,50,10001,1,10002,1,10004,2,-1,-1,-1,-1,-1,-1,-1,-1
359,2,10000,150,10001,3,10002,3,10004,4,10003,100,-1,-1,-1,-1,-1,-1
360,0,10000,50,10001,1,10002,1,10004,2,-1,-1,-1,-1,-1,-1,-1,-1
361,0,10000,50,10001,1,10002,1,10004,2,-1,-1,-1,-1,-1,-1,-1,-1
362,0,10000,50,10001,1,10002,1,10004,2,-1,-1,-1,-1,-1,-1,-1,-1
363,0,10000,50,10001,1,10002,1,10004,2,-1,-1,-1,-1,-1,-1,-1,-1
364,0,10000,50,10001,1,10002,1,10004,2,-1,-1,-1,-1,-1,-1,-1,-1
365,1,10000,100,10001,2,10002,2,10004,3,10003,50,-1,-1,-1,-1,-1,-1
366,0,10000,50,10001,1,10002,1,10004,2,-1,-1,-1,-1,-1,-1,-1,-1
367,0,10000,50,10001,1,10002,1,10004,2,-1,-1,-1,-1,-1,-1,-1,-1
368,0,10000,50,10001,1,10002,1,10004,2,-1,-1,-1,-1,-1,-1,-1,-1
369,2,10000,150,10001,3,10002,3,10004,4,10003,100,-1,-1,-1,-1,-1,-1
370,0,10000,50,10001,1,10002,1,10004,2,-1,-1,-1,-1,-1,-1,-1,-1
371,0,10000,50,10001,1,10002,1,10004,2,-1,-1,-1,-1,-1,-1,-1,-1
372,0,10000,50,10001,1,10002,1,10004,2,-1,-1,-1,-1,-1,-1,-1,-1
373,0,10000,50,10001,1,10002,1,10004,2,-1,-1,-1,-1,-1,-1,-1,-1
374,0,10000,50,10001,1,10002,1,10004,2,-1,-1,-1,-1,-1,-1,-1,-1
375,1,10000,100,10001,2,10002,2,10004,3,10003,50,-1,-1,-1,-1,-1,-1
376,0,10000,50,10001,1,10002,1,10004,2,-1,-1,-1,-1,-1,-1,-1,-1
377,0,10000,50,10001,1,10002,1,10004,2,-1,-1,-1,-1,-1,-1,-1,-1
378,0,10000,50,10001,1,10002,1,10004,2,-1,-1,-1,-1,-1,-1,-1,-1
379,2,10000,150,10001,3,10002,3,10004,4,10003,100,-1,-1,-1,-1,-1,-1
380,0,10000,50,10001,1,10002,1,10004,2,-1,-1,-1,-1,-1,-1,-1,-1
381,0,10000,50,10001,1,10002,1,10004,2,-1,-1,-1,-1,-1,-1,-1,-1
382,0,10000,50,10001,1,10002,1,10004,2,-1,-1,-1,-1,-1,-1,-1,-1
383,0,10000,50,10001,1,10002,1,10004,2,-1,-1,-1,-1,-1,-1,-1,-1
384,0,10000,50,10001,1,10002,1,10004,2,-1,-1,-1,-1,-1,-1,-1,-1
385,1,10000,100,10001,2,10002,2,10004,3,10003,50,-1,-1,-1,-1,-1,-1
386,0,10000,50,10001,1,10002,1,10004,2,-1,-1,-1,-1,-1,-1,-1,-1
387,0,10000,50,10001,1,10002,1,10004,2,-1,-1,-1,-1,-1,-1,-1,-1
388,0,10000,50,10001,1,10002,1,10004,2,-1,-1,-1,-1,-1,-1,-1,-1
389,2,10000,150,10001,3,10002,3,10004,4,10003,100,-1,-1,-1,-1,-1,-1
390,0,10000,50,10001,1,10002,1,10004,2,-1,-1,-1,-1,-1,-1,-1,-1
391,0,10000,50,10001,1,10002,1,10004,2,-1,-1,-1,-1,-1,-1,-1,-1
392,0,10000,50,10001,1,10002,1,10004,2,-1,-1,-1,-1,-1,-1,-1,-1
393,0,10000,50,10001,1,10002,1,10004,2,-1,-1,-1,-1,-1,-1,-1,-1
394,0,10000,50,10001,1,10002,1,10004,2,-1,-1,-1,-1,-1,-1,-1,-1
395,1,10000,100,10001,2,10002,2,10004,3,10003,50,-1,-1,-1,-1,-1,-1
396,0,10000,50,10001,1,10002,1,10004,2,-1,-1,-1,-1,-1,-1,-1,-1
397,0,10000,50,10001,1,10002,1,10004,2,-1,-1,-1,-1,-1,-1,-1,-1
398,0,10000,50,10001,1,10002,1,10004,2,-1,-1,-1,-1,-1,-1,-1,-1
399,2,10000,150,10001,3,10002,3,10004,4,10003,100,-1,-1,-1,-1,-1,-1
400,0,10000,50,10001,1,10002,1,10004,2,-1,-1,-1,-1,-1,-1,-1,-1
401,0,10000,50,10001,1,10002,1,10004,4,-1,-1,-1,-1,-1,-1,-1,-1
402,0,10000,50,10001,1,10002,1,10004,3,-1,-1,-1,-1,-1,-1,-1,-1
403,0,10000,50,10001,1,10002,1,10004,3,-1,-1,-1,-1,-1,-1,-1,-1
404,0,10000,50,10001,1,10002,1,10004,3,-1,-1,-1,-1,-1,-1,-1,-1
405,1,10000,100,10001,2,10002,2,10004,4,10003,50,-1,-1,-1,-1,-1,-1
406,0,10000,50,10001,1,10002,1,10004,3,-1,-1,-1,-1,-1,-1,-1,-1
407,0,10000,50,10001,1,10002,1,10004,3,-1,-1,-1,-1,-1,-1,-1,-1
408,0,10000,50,10001,1,10002,1,10004,3,-1,-1,-1,-1,-1,-1,-1,-1
409,2,10000,150,10001,3,10002,3,10004,5,10003,100,-1,-1,-1,-1,-1,-1
410,0,10000,50,10001,1,10002,1,10004,3,-1,-1,-1,-1,-1,-1,-1,-1
411,0,10000,50,10001,1,10002,1,10004,3,-1,-1,-1,-1,-1,-1,-1,-1
412,0,10000,50,10001,1,10002,1,10004,3,-1,-1,-1,-1,-1,-1,-1,-1
413,0,10000,50,10001,1,10002,1,10004,3,-1,-1,-1,-1,-1,-1,-1,-1
414,0,10000,50,10001,1,10002,1,10004,3,-1,-1,-1,-1,-1,-1,-1,-1
415,1,10000,100,10001,2,10002,2,10004,4,10003,50,-1,-1,-1,-1,-1,-1
416,0,10000,50,10001,1,10002,1,10004,3,-1,-1,-1,-1,-1,-1,-1,-1
417,0,10000,50,10001,1,10002,1,10004,3,-1,-1,-1,-1,-1,-1,-1,-1
418,0,10000,50,10001,1,10002,1,10004,3,-1,-1,-1,-1,-1,-1,-1,-1
419,2,10000,150,10001,3,10002,3,10004,5,10003,100,-1,-1,-1,-1,-1,-1
420,0,10000,50,10001,1,10002,1,10004,3,-1,-1,-1,-1,-1,-1,-1,-1
421,0,10000,50,10001,1,10002,1,10004,3,-1,-1,-1,-1,-1,-1,-1,-1
422,0,10000,50,10001,1,10002,1,10004,3,-1,-1,-1,-1,-1,-1,-1,-1
423,0,10000,50,10001,1,10002,1,10004,3,-1,-1,-1,-1,-1,-1,-1,-1
424,0,10000,50,10001,1,10002,1,10004,3,-1,-1,-1,-1,-1,-1,-1,-1
425,1,10000,100,10001,2,10002,2,10004,4,10003,50,-1,-1,-1,-1,-1,-1
426,0,10000,50,10001,1,10002,1,10004,3,-1,-1,-1,-1,-1,-1,-1,-1
427,0,10000,50,10001,1,10002,1,10004,3,-1,-1,-1,-1,-1,-1,-1,-1
428,0,10000,50,10001,1,10002,1,10004,3,-1,-1,-1,-1,-1,-1,-1,-1
429,2,10000,150,10001,3,10002,3,10004,5,10003,100,-1,-1,-1,-1,-1,-1
430,0,10000,50,10001,1,10002,1,10004,3,-1,-1,-1,-1,-1,-1,-1,-1
431,0,10000,50,10001,1,10002,1,10004,3,-1,-1,-1,-1,-1,-1,-1,-1
432,0,10000,50,10001,1,10002,1,10004,3,-1,-1,-1,-1,-1,-1,-1,-1
433,0,10000,50,10001,1,10002,1,10004,3,-1,-1,-1,-1,-1,-1,-1,-1
434,0,10000,50,10001,1,10002,1,10004,3,-1,-1,-1,-1,-1,-1,-1,-1
435,1,10000,100,10001,2,10002,2,10004,4,10003,50,-1,-1,-1,-1,-1,-1
436,0,10000,50,10001,1,10002,1,10004,3,-1,-1,-1,-1,-1,-1,-1,-1
437,0,10000,50,10001,1,10002,1,10004,3,-1,-1,-1,-1,-1,-1,-1,-1
438,0,10000,50,10001,1,10002,1,10004,3,-1,-1,-1,-1,-1,-1,-1,-1
439,2,10000,150,10001,3,10002,3,10004,5,10003,100,-1,-1,-1,-1,-1,-1
440,0,10000,50,10001,1,10002,1,10004,3,-1,-1,-1,-1,-1,-1,-1,-1
441,0,10000,50,10001,1,10002,1,10004,3,-1,-1,-1,-1,-1,-1,-1,-1
442,0,10000,50,10001,1,10002,1,10004,3,-1,-1,-1,-1,-1,-1,-1,-1
443,0,10000,50,10001,1,10002,1,10004,3,-1,-1,-1,-1,-1,-1,-1,-1
444,0,10000,50,10001,1,10002,1,10004,3,-1,-1,-1,-1,-1,-1,-1,-1
445,1,10000,100,10001,2,10002,2,10004,4,10003,50,-1,-1,-1,-1,-1,-1
446,0,10000,50,10001,1,10002,1,10004,3,-1,-1,-1,-1,-1,-1,-1,-1
447,0,10000,50,10001,1,10002,1,10004,3,-1,-1,-1,-1,-1,-1,-1,-1
448,0,10000,50,10001,1,10002,1,10004,3,-1,-1,-1,-1,-1,-1,-1,-1
449,2,10000,150,10001,3,10002,3,10004,5,10003,100,-1,-1,-1,-1,-1,-1
450,0,10000,50,10001,1,10002,1,10004,3,-1,-1,-1,-1,-1,-1,-1,-1
451,0,10000,50,10001,1,10002,1,10004,3,-1,-1,-1,-1,-1,-1,-1,-1
452,0,10000,50,10001,1,10002,1,10004,3,-1,-1,-1,-1,-1,-1,-1,-1
453,0,10000,50,10001,1,10002,1,10004,3,-1,-1,-1,-1,-1,-1,-1,-1
454,0,10000,50,10001,1,10002,1,10004,3,-1,-1,-1,-1,-1,-1,-1,-1
455,1,10000,100,10001,2,10002,2,10004,4,10003,50,-1,-1,-1,-1,-1,-1
456,0,10000,50,10001,1,10002,1,10004,3,-1,-1,-1,-1,-1,-1,-1,-1
457,0,10000,50,10001,1,10002,1,10004,3,-1,-1,-1,-1,-1,-1,-1,-1
458,0,10000,50,10001,1,10002,1,10004,3,-1,-1,-1,-1,-1,-1,-1,-1
459,2,10000,150,10001,3,10002,3,10004,5,10003,100,-1,-1,-1,-1,-1,-1
460,0,10000,50,10001,1,10002,1,10004,3,-1,-1,-1,-1,-1,-1,-1,-1
461,0,10000,50,10001,1,10002,1,10004,3,-1,-1,-1,-1,-1,-1,-1,-1
462,0,10000,50,10001,1,10002,1,10004,3,-1,-1,-1,-1,-1,-1,-1,-1
463,0,10000,50,10001,1,10002,1,10004,3,-1,-1,-1,-1,-1,-1,-1,-1
464,0,10000,50,10001,1,10002,1,10004,3,-1,-1,-1,-1,-1,-1,-1,-1
465,1,10000,100,10001,2,10002,2,10004,4,10003,50,-1,-1,-1,-1,-1,-1
466,0,10000,50,10001,1,10002,1,10004,3,-1,-1,-1,-1,-1,-1,-1,-1
467,0,10000,50,10001,1,10002,1,10004,3,-1,-1,-1,-1,-1,-1,-1,-1
468,0,10000,50,10001,1,10002,1,10004,3,-1,-1,-1,-1,-1,-1,-1,-1
469,2,10000,150,10001,3,10002,3,10004,5,10003,100,-1,-1,-1,-1,-1,-1
470,0,10000,50,10001,1,10002,1,10004,3,-1,-1,-1,-1,-1,-1,-1,-1
471,0,10000,50,10001,1,10002,1,10004,3,-1,-1,-1,-1,-1,-1,-1,-1
472,0,10000,50,10001,1,10002,1,10004,3,-1,-1,-1,-1,-1,-1,-1,-1
473,0,10000,50,10001,1,10002,1,10004,3,-1,-1,-1,-1,-1,-1,-1,-1
474,0,10000,50,10001,1,10002,1,10004,3,-1,-1,-1,-1,-1,-1,-1,-1
475,1,10000,100,10001,2,10002,2,10004,4,10003,50,-1,-1,-1,-1,-1,-1
476,0,10000,50,10001,1,10002,1,10004,3,-1,-1,-1,-1,-1,-1,-1,-1
477,0,10000,50,10001,1,10002,1,10004,3,-1,-1,-1,-1,-1,-1,-1,-1
478,0,10000,50,10001,1,10002,1,10004,3,-1,-1,-1,-1,-1,-1,-1,-1
479,2,10000,150,10001,3,10002,3,10004,5,10003,100,-1,-1,-1,-1,-1,-1
480,0,10000,50,10001,1,10002,1,10004,3,-1,-1,-1,-1,-1,-1,-1,-1
481,0,10000,50,10001,1,10002,1,10004,3,-1,-1,-1,-1,-1,-1,-1,-1
482,0,10000,50,10001,1,10002,1,10004,3,-1,-1,-1,-1,-1,-1,-1,-1
483,0,10000,50,10001,1,10002,1,10004,3,-1,-1,-1,-1,-1,-1,-1,-1
484,0,10000,50,10001,1,10002,1,10004,3,-1,-1,-1,-1,-1,-1,-1,-1
485,1,10000,100,10001,2,10002,2,10004,4,10003,50,-1,-1,-1,-1,-1,-1
486,0,10000,50,10001,1,10002,1,10004,3,-1,-1,-1,-1,-1,-1,-1,-1
487,0,10000,50,10001,1,10002,1,10004,3,-1,-1,-1,-1,-1,-1,-1,-1
488,0,10000,50,10001,1,10002,1,10004,3,-1,-1,-1,-1,-1,-1,-1,-1
489,2,10000,150,10001,3,10002,3,10004,5,10003,100,-1,-1,-1,-1,-1,-1
490,0,10000,50,10001,1,10002,1,10004,3,-1,-1,-1,-1,-1,-1,-1,-1
491,0,10000,50,10001,1,10002,1,10004,3,-1,-1,-1,-1,-1,-1,-1,-1
492,0,10000,50,10001,1,10002,1,10004,3,-1,-1,-1,-1,-1,-1,-1,-1
493,0,10000,50,10001,1,10002,1,10004,3,-1,-1,-1,-1,-1,-1,-1,-1
494,0,10000,50,10001,1,10002,1,10004,3,-1,-1,-1,-1,-1,-1,-1,-1
495,1,10000,100,10001,2,10002,2,10004,4,10003,50,-1,-1,-1,-1,-1,-1
496,0,10000,50,10001,1,10002,1,10004,3,-1,-1,-1,-1,-1,-1,-1,-1
497,0,10000,50,10001,1,10002,1,10004,3,-1,-1,-1,-1,-1,-1,-1,-1
498,0,10000,50,10001,1,10002,1,10004,3,-1,-1,-1,-1,-1,-1,-1,-1
499,2,10000,150,10001,3,10002,3,10004,5,10003,100,-1,-1,-1,-1,-1,-1
500,0,10000,50,10001,1,10002,1,10004,3,-1,-1,-1,-1,-1,-1,-1,-1
501,0,10000,50,10001,1,10002,1,10004,3,-1,-1,-1,-1,-1,-1,-1,-1
502,0,10000,50,10001,1,10002,1,10004,3,-1,-1,-1,-1,-1,-1,-1,-1
503,0,10000,50,10001,1,10002,1,10004,3,-1,-1,-1,-1,-1,-1,-1,-1
504,0,10000,50,10001,1,10002,1,10004,3,-1,-1,-1,-1,-1,-1,-1,-1
505,1,10000,100,10001,2,10002,2,10004,4,10003,50,-1,-1,-1,-1,-1,-1
506,0,10000,50,10001,1,10002,1,10004,3,-1,-1,-1,-1,-1,-1,-1,-1
507,0,10000,50,10001,1,10002,1,10004,3,-1,-1,-1,-1,-1,-1,-1,-1
508,0,10000,50,10001,1,10002,1,10004,3,-1,-1,-1,-1,-1,-1,-1,-1
509,2,10000,150,10001,3,10002,3,10004,5,10003,100,-1,-1,-1,-1,-1,-1
510,0,10000,50,10001,1,10002,1,10004,3,-1,-1,-1,-1,-1,-1,-1,-1
511,0,10000,50,10001,1,10002,1,10004,3,-1,-1,-1,-1,-1,-1,-1,-1
512,0,10000,50,10001,1,10002,1,10004,3,-1,-1,-1,-1,-1,-1,-1,-1
513,0,10000,50,10001,1,10002,1,10004,3,-1,-1,-1,-1,-1,-1,-1,-1
514,0,10000,50,10001,1,10002,1,10004,3,-1,-1,-1,-1,-1,-1,-1,-1
515,1,10000,100,10001,2,10002,2,10004,4,10003,50,-1,-1,-1,-1,-1,-1
516,0,10000,50,10001,1,10002,1,10004,3,-1,-1,-1,-1,-1,-1,-1,-1
517,0,10000,50,10001,1,10002,1,10004,3,-1,-1,-1,-1,-1,-1,-1,-1
518,0,10000,50,10001,1,10002,1,10004,3,-1,-1,-1,-1,-1,-1,-1,-1
519,2,10000,150,10001,3,10002,3,10004,5,10003,100,-1,-1,-1,-1,-1,-1
520,0,10000,50,10001,1,10002,1,10004,3,-1,-1,-1,-1,-1,-1,-1,-1
521,0,10000,50,10001,1,10002,1,10004,3,-1,-1,-1,-1,-1,-1,-1,-1
522,0,10000,50,10001,1,10002,1,10004,3,-1,-1,-1,-1,-1,-1,-1,-1
523,0,10000,50,10001,1,10002,1,10004,3,-1,-1,-1,-1,-1,-1,-1,-1
524,0,10000,50,10001,1,10002,1,10004,3,-1,-1,-1,-1,-1,-1,-1,-1
525,1,10000,100,10001,2,10002,2,10004,4,10003,50,-1,-1,-1,-1,-1,-1
526,0,10000,50,10001,1,10002,1,10004,3,-1,-1,-1,-1,-1,-1,-1,-1
527,0,10000,50,10001,1,10002,1,10004,3,-1,-1,-1,-1,-1,-1,-1,-1
528,0,10000,50,10001,1,10002,1,10004,3,-1,-1,-1,-1,-1,-1,-1,-1
529,2,10000,150,10001,3,10002,3,10004,5,10003,100,-1,-1,-1,-1,-1,-1
530,0,10000,50,10001,1,10002,1,10004,3,-1,-1,-1,-1,-1,-1,-1,-1
531,0,10000,50,10001,1,10002,1,10004,3,-1,-1,-1,-1,-1,-1,-1,-1
532,0,10000,50,10001,1,10002,1,10004,3,-1,-1,-1,-1,-1,-1,-1,-1
533,0,10000,50,10001,1,10002,1,10004,3,-1,-1,-1,-1,-1,-1,-1,-1
534,0,10000,50,10001,1,10002,1,10004,3,-1,-1,-1,-1,-1,-1,-1,-1
535,1,10000,100,10001,2,10002,2,10004,4,10003,50,-1,-1,-1,-1,-1,-1
536,0,10000,50,10001,1,10002,1,10004,3,-1,-1,-1,-1,-1,-1,-1,-1
537,0,10000,50,10001,1,10002,1,10004,3,-1,-1,-1,-1,-1,-1,-1,-1
538,0,10000,50,10001,1,10002,1,10004,3,-1,-1,-1,-1,-1,-1,-1,-1
539,2,10000,150,10001,3,10002,3,10004,5,10003,100,-1,-1,-1,-1,-1,-1
540,0,10000,50,10001,1,10002,1,10004,3,-1,-1,-1,-1,-1,-1,-1,-1
541,0,10000,50,10001,1,10002,1,10004,3,-1,-1,-1,-1,-1,-1,-1,-1
542,0,10000,50,10001,1,10002,1,10004,3,-1,-1,-1,-1,-1,-1,-1,-1
543,0,10000,50,10001,1,10002,1,10004,3,-1,-1,-1,-1,-1,-1,-1,-1
544,0,10000,50,10001,1,10002,1,10004,3,-1,-1,-1,-1,-1,-1,-1,-1
545,1,10000,100,10001,2,10002,2,10004,4,10003,50,-1,-1,-1,-1,-1,-1
546,0,10000,50,10001,1,10002,1,10004,3,-1,-1,-1,-1,-1,-1,-1,-1
547,0,10000,50,10001,1,10002,1,10004,3,-1,-1,-1,-1,-1,-1,-1,-1
548,0,10000,50,10001,1,10002,1,10004,3,-1,-1,-1,-1,-1,-1,-1,-1
549,2,10000,150,10001,3,10002,3,10004,5,10003,100,-1,-1,-1,-1,-1,-1
550,0,10000,50,10001,1,10002,1,10004,3,-1,-1,-1,-1,-1,-1,-1,-1
551,0,10000,50,10001,1,10002,1,10004,3,-1,-1,-1,-1,-1,-1,-1,-1
552,0,10000,50,10001,1,10002,1,10004,3,-1,-1,-1,-1,-1,-1,-1,-1
553,0,10000,50,10001,1,10002,1,10004,3,-1,-1,-1,-1,-1,-1,-1,-1
554,0,10000,50,10001,1,10002,1,10004,3,-1,-1,-1,-1,-1,-1,-1,-1
555,1,10000,100,10001,2,10002,2,10004,4,10003,50,-1,-1,-1,-1,-1,-1
556,0,10000,50,10001,1,10002,1,10004,3,-1,-1,-1,-1,-1,-1,-1,-1
557,0,10000,50,10001,1,10002,1,10004,3,-1,-1,-1,-1,-1,-1,-1,-1
558,0,10000,50,10001,1,10002,1,10004,3,-1,-1,-1,-1,-1,-1,-1,-1
559,2,10000,150,10001,3,10002,3,10004,5,10003,100,-1,-1,-1,-1,-1,-1
560,0,10000,50,10001,1,10002,1,10004,3,-1,-1,-1,-1,-1,-1,-1,-1
561,0,10000,50,10001,1,10002,1,10004,3,-1,-1,-1,-1,-1,-1,-1,-1
562,0,10000,50,10001,1,10002,1,10004,3,-1,-1,-1,-1,-1,-1,-1,-1
563,0,10000,50,10001,1,10002,1,10004,3,-1,-1,-1,-1,-1,-1,-1,-1
564,0,10000,50,10001,1,10002,1,10004,3,-1,-1,-1,-1,-1,-1,-1,-1
565,1,10000,100,10001,2,10002,2,10004,4,10003,50,-1,-1,-1,-1,-1,-1
566,0,10000,50,10001,1,10002,1,10004,3,-1,-1,-1,-1,-1,-1,-1,-1
567,0,10000,50,10001,1,10002,1,10004,3,-1,-1,-1,-1,-1,-1,-1,-1
568,0,10000,50,10001,1,10002,1,10004,3,-1,-1,-1,-1,-1,-1,-1,-1
569,2,10000,150,10001,3,10002,3,10004,5,10003,100,-1,-1,-1,-1,-1,-1
570,0,10000,50,10001,1,10002,1,10004,3,-1,-1,-1,-1,-1,-1,-1,-1
571,0,10000,50,10001,1,10002,1,10004,3,-1,-1,-1,-1,-1,-1,-1,-1
572,0,10000,50,10001,1,10002,1,10004,3,-1,-1,-1,-1,-1,-1,-1,-1
573,0,10000,50,10001,1,10002,1,10004,3,-1,-1,-1,-1,-1,-1,-1,-1
574,0,10000,50,10001,1,10002,1,10004,3,-1,-1,-1,-1,-1,-1,-1,-1
575,1,10000,100,10001,2,10002,2,10004,4,10003,50,-1,-1,-1,-1,-1,-1
576,0,10000,50,10001,1,10002,1,10004,3,-1,-1,-1,-1,-1,-1,-1,-1
577,0,10000,50,10001,1,10002,1,10004,3,-1,-1,-1,-1,-1,-1,-1,-1
578,0,10000,50,10001,1,10002,1,10004,3,-1,-1,-1,-1,-1,-1,-1,-1
579,2,10000,150,10001,3,10002,3,10004,5,10003,100,-1,-1,-1,-1,-1,-1
580,0,10000,50,10001,1,10002,1,10004,3,-1,-1,-1,-1,-1,-1,-1,-1
581,0,10000,50,10001,1,10002,1,10004,3,-1,-1,-1,-1,-1,-1,-1,-1
582,0,10000,50,10001,1,10002,1,10004,3,-1,-1,-1,-1,-1,-1,-1,-1
583,0,10000,50,10001,1,10002,1,10004,3,-1,-1,-1,-1,-1,-1,-1,-1
584,0,10000,50,10001,1,10002,1,10004,3,-1,-1,-1,-1,-1,-1,-1,-1
585,1,10000,100,10001,2,10002,2,10004,4,10003,50,-1,-1,-1,-1,-1,-1
586,0,10000,50,10001,1,10002,1,10004,3,-1,-1,-1,-1,-1,-1,-1,-1
587,0,10000,50,10001,1,10002,1,10004,3,-1,-1,-1,-1,-1,-1,-1,-1
588,0,10000,50,10001,1,10002,1,10004,3,-1,-1,-1,-1,-1,-1,-1,-1
589,2,10000,150,10001,3,10002,3,10004,5,10003,100,-1,-1,-1,-1,-1,-1
590,0,10000,50,10001,1,10002,1,10004,3,-1,-1,-1,-1,-1,-1,-1,-1
591,0,10000,50,10001,1,10002,1,10004,3,-1,-1,-1,-1,-1,-1,-1,-1
592,0,10000,50,10001,1,10002,1,10004,3,-1,-1,-1,-1,-1,-1,-1,-1
593,0,10000,50,10001,1,10002,1,10004,3,-1,-1,-1,-1,-1,-1,-1,-1
594,0,10000,50,10001,1,10002,1,10004,3,-1,-1,-1,-1,-1,-1,-1,-1
595,1,10000,100,10001,2,10002,2,10004,4,10003,50,-1,-1,-1,-1,-1,-1
596,0,10000,50,10001,1,10002,1,10004,3,-1,-1,-1,-1,-1,-1,-1,-1
597,0,10000,50,10001,1,10002,1,10004,3,-1,-1,-1,-1,-1,-1,-1,-1
598,0,10000,50,10001,1,10002,1,10004,3,-1,-1,-1,-1,-1,-1,-1,-1
599,2,10000,150,10001,3,10002,3,10004,5,10003,100,-1,-1,-1,-1,-1,-1
600,0,10000,50,10001,1,10002,1,10004,3,-1,-1,-1,-1,-1,-1,-1,-1
601,0,10000,50,10001,1,10002,1,10004,4,-1,-1,-1,-1,-1,-1,-1,-1
602,0,10000,50,10001,1,10002,1,10004,4,-1,-1,-1,-1,-1,-1,-1,-1
603,0,10000,50,10001,1,10002,1,10004,4,-1,-1,-1,-1,-1,-1,-1,-1
604,0,10000,50,10001,1,10002,1,10004,4,-1,-1,-1,-1,-1,-1,-1,-1
605,1,10000,100,10001,2,10002,2,10004,5,10003,50,-1,-1,-1,-1,-1,-1
606,0,10000,50,10001,1,10002,1,10004,4,-1,-1,-1,-1,-1,-1,-1,-1
607,0,10000,50,10001,1,10002,1,10004,4,-1,-1,-1,-1,-1,-1,-1,-1
608,0,10000,50,10001,1,10002,1,10004,4,-1,-1,-1,-1,-1,-1,-1,-1
609,2,10000,150,10001,3,10002,3,10004,6,10003,100,-1,-1,-1,-1,-1,-1
610,0,10000,50,10001,1,10002,1,10004,4,-1,-1,-1,-1,-1,-1,-1,-1
611,0,10000,50,10001,1,10002,1,10004,4,-1,-1,-1,-1,-1,-1,-1,-1
612,0,10000,50,10001,1,10002,1,10004,4,-1,-1,-1,-1,-1,-1,-1,-1
613,0,10000,50,10001,1,10002,1,10004,4,-1,-1,-1,-1,-1,-1,-1,-1
614,0,10000,50,10001,1,10002,1,10004,4,-1,-1,-1,-1,-1,-1,-1,-1
615,1,10000,100,10001,2,10002,2,10004,5,10003,50,-1,-1,-1,-1,-1,-1
616,0,10000,50,10001,1,10002,1,10004,4,-1,-1,-1,-1,-1,-1,-1,-1
617,0,10000,50,10001,1,10002,1,10004,4,-1,-1,-1,-1,-1,-1,-1,-1
618,0,10000,50,10001,1,10002,1,10004,4,-1,-1,-1,-1,-1,-1,-1,-1
619,2,10000,150,10001,3,10002,3,10004,6,10003,100,-1,-1,-1,-1,-1,-1
620,0,10000,50,10001,1,10002,1,10004,4,-1,-1,-1,-1,-1,-1,-1,-1
621,0,10000,50,10001,1,10002,1,10004,4,-1,-1,-1,-1,-1,-1,-1,-1
622,0,10000,50,10001,1,10002,1,10004,4,-1,-1,-1,-1,-1,-1,-1,-1
623,0,10000,50,10001,1,10002,1,10004,4,-1,-1,-1,-1,-1,-1,-1,-1
624,0,10000,50,10001,1,10002,1,10004,4,-1,-1,-1,-1,-1,-1,-1,-1
625,1,10000,100,10001,2,10002,2,10004,5,10003,50,-1,-1,-1,-1,-1,-1
626,0,10000,50,10001,1,10002,1,10004,4,-1,-1,-1,-1,-1,-1,-1,-1
627,0,10000,50,10001,1,10002,1,10004,4,-1,-1,-1,-1,-1,-1,-1,-1
628,0,10000,50,10001,1,10002,1,10004,4,-1,-1,-1,-1,-1,-1,-1,-1
629,2,10000,150,10001,3,10002,3,10004,6,10003,100,-1,-1,-1,-1,-1,-1
630,0,10000,50,10001,1,10002,1,10004,4,-1,-1,-1,-1,-1,-1,-1,-1
631,0,10000,50,10001,1,10002,1,10004,4,-1,-1,-1,-1,-1,-1,-1,-1
632,0,10000,50,10001,1,10002,1,10004,4,-1,-1,-1,-1,-1,-1,-1,-1
633,0,10000,50,10001,1,10002,1,10004,4,-1,-1,-1,-1,-1,-1,-1,-1
634,0,10000,50,10001,1,10002,1,10004,4,-1,-1,-1,-1,-1,-1,-1,-1
635,1,10000,100,10001,2,10002,2,10004,5,10003,50,-1,-1,-1,-1,-1,-1
636,0,10000,50,10001,1,10002,1,10004,4,-1,-1,-1,-1,-1,-1,-1,-1
637,0,10000,50,10001,1,10002,1,10004,4,-1,-1,-1,-1,-1,-1,-1,-1
638,0,10000,50,10001,1,10002,1,10004,4,-1,-1,-1,-1,-1,-1,-1,-1
639,2,10000,150,10001,3,10002,3,10004,6,10003,100,-1,-1,-1,-1,-1,-1
640,0,10000,50,10001,1,10002,1,10004,4,-1,-1,-1,-1,-1,-1,-1,-1
641,0,10000,50,10001,1,10002,1,10004,4,-1,-1,-1,-1,-1,-1,-1,-1
642,0,10000,50,10001,1,10002,1,10004,4,-1,-1,-1,-1,-1,-1,-1,-1
643,0,10000,50,10001,1,10002,1,10004,4,-1,-1,-1,-1,-1,-1,-1,-1
644,0,10000,50,10001,1,10002,1,10004,4,-1,-1,-1,-1,-1,-1,-1,-1
645,1,10000,100,10001,2,10002,2,10004,5,10003,50,-1,-1,-1,-1,-1,-1
646,0,10000,50,10001,1,10002,1,10004,4,-1,-1,-1,-1,-1,-1,-1,-1
647,0,10000,50,10001,1,10002,1,10004,4,-1,-1,-1,-1,-1,-1,-1,-1
648,0,10000,50,10001,1,10002,1,10004,4,-1,-1,-1,-1,-1,-1,-1,-1
649,2,10000,150,10001,3,10002,3,10004,6,10003,100,-1,-1,-1,-1,-1,-1
650,0,10000,50,10001,1,10002,1,10004,4,-1,-1,-1,-1,-1,-1,-1,-1
651,0,10000,50,10001,1,10002,1,10004,4,-1,-1,-1,-1,-1,-1,-1,-1
652,0,10000,50,10001,1,10002,1,10004,4,-1,-1,-1,-1,-1,-1,-1,-1
653,0,10000,50,10001,1,10002,1,10004,4,-1,-1,-1,-1,-1,-1,-1,-1
654,0,10000,50,10001,1,10002,1,10004,4,-1,-1,-1,-1,-1,-1,-1,-1
655,1,10000,100,10001,2,10002,2,10004,5,10003,50,-1,-1,-1,-1,-1,-1
656,0,10000,50,10001,1,10002,1,10004,4,-1,-1,-1,-1,-1,-1,-1,-1
657,0,10000,50,10001,1,10002,1,10004,4,-1,-1,-1,-1,-1,-1,-1,-1
658,0,10000,50,10001,1,10002,1,10004,4,-1,-1,-1,-1,-1,-1,-1,-1
659,2,10000,150,10001,3,10002,3,10004,6,10003,100,-1,-1,-1,-1,-1,-1
660,0,10000,50,10001,1,10002,1,10004,4,-1,-1,-1,-1,-1,-1,-1,-1
661,0,10000,50,10001,1,10002,1,10004,4,-1,-1,-1,-1,-1,-1,-1,-1
662,0,10000,50,10001,1,10002,1,10004,4,-1,-1,-1,-1,-1,-1,-1,-1
663,0,10000,50,10001,1,10002,1,10004,4,-1,-1,-1,-1,-1,-1,-1,-1
664,0,10000,50,10001,1,10002,1,10004,4,-1,-1,-1,-1,-1,-1,-1,-1
665,1,10000,100,10001,2,10002,2,10004,5,10003,50,-1,-1,-1,-1,-1,-1
666,0,10000,50,10001,1,10002,1,10004,4,-1,-1,-1,-1,-1,-1,-1,-1
667,0,10000,50,10001,1,10002,1,10004,4,-1,-1,-1,-1,-1,-1,-1,-1
668,0,10000,50,10001,1,10002,1,10004,4,-1,-1,-1,-1,-1,-1,-1,-1
669,2,10000,150,10001,3,10002,3,10004,6,10003,100,-1,-1,-1,-1,-1,-1
670,0,10000,50,10001,1,10002,1,10004,4,-1,-1,-1,-1,-1,-1,-1,-1
671,0,10000,50,10001,1,10002,1,10004,4,-1,-1,-1,-1,-1,-1,-1,-1
672,0,10000,50,10001,1,10002,1,10004,4,-1,-1,-1,-1,-1,-1,-1,-1
673,0,10000,50,10001,1,10002,1,10004,4,-1,-1,-1,-1,-1,-1,-1,-1
674,0,10000,50,10001,1,10002,1,10004,4,-1,-1,-1,-1,-1,-1,-1,-1
675,1,10000,100,10001,2,10002,2,10004,5,10003,50,-1,-1,-1,-1,-1,-1
676,0,10000,50,10001,1,10002,1,10004,4,-1,-1,-1,-1,-1,-1,-1,-1
677,0,10000,50,10001,1,10002,1,10004,4,-1,-1,-1,-1,-1,-1,-1,-1
678,0,10000,50,10001,1,10002,1,10004,4,-1,-1,-1,-1,-1,-1,-1,-1
679,2,10000,150,10001,3,10002,3,10004,6,10003,100,-1,-1,-1,-1,-1,-1
680,0,10000,50,10001,1,10002,1,10004,4,-1,-1,-1,-1,-1,-1,-1,-1
681,0,10000,50,10001,1,10002,1,10004,4,-1,-1,-1,-1,-1,-1,-1,-1
682,0,10000,50,10001,1,10002,1,10004,4,-1,-1,-1,-1,-1,-1,-1,-1
683,0,10000,50,10001,1,10002,1,10004,4,-1,-1,-1,-1,-1,-1,-1,-1
684,0,10000,50,10001,1,10002,1,10004,4,-1,-1,-1,-1,-1,-1,-1,-1
685,1,10000,100,10001,2,10002,2,10004,5,10003,50,-1,-1,-1,-1,-1,-1
686,0,10000,50,10001,1,10002,1,10004,4,-1,-1,-1,-1,-1,-1,-1,-1
687,0,10000,50,10001,1,10002,1,10004,4,-1,-1,-1,-1,-1,-1,-1,-1
688,0,10000,50,10001,1,10002,1,10004,4,-1,-1,-1,-1,-1,-1,-1,-1
689,2,10000,150,10001,3,10002,3,10004,6,10003,100,-1,-1,-1,-1,-1,-1
690,0,10000,50,10001,1,10002,1,10004,4,-1,-1,-1,-1,-1,-1,-1,-1
691,0,10000,50,10001,1,10002,1,10004,4,-1,-1,-1,-1,-1,-1,-1,-1
692,0,10000,50,10001,1,10002,1,10004,4,-1,-1,-1,-1,-1,-1,-1,-1
693,0,10000,50,10001,1,10002,1,10004,4,-1,-1,-1,-1,-1,-1,-1,-1
694,0,10000,50,10001,1,10002,1,10004,4,-1,-1,-1,-1,-1,-1,-1,-1
695,1,10000,100,10001,2,10002,2,10004,5,10003,50,-1,-1,-1,-1,-1,-1
696,0,10000,50,10001,1,10002,1,10004,4,-1,-1,-1,-1,-1,-1,-1,-1
697,0,10000,50,10001,1,10002,1,10004,4,-1,-1,-1,-1,-1,-1,-1,-1
698,0,10000,50,10001,1,10002,1,10004,4,-1,-1,-1,-1,-1,-1,-1,-1
699,2,10000,150,10001,3,10002,3,10004,6,10003,100,-1,-1,-1,-1,-1,-1
700,0,10000,50,10001,1,10002,1,10004,4,-1,-1,-1,-1,-1,-1,-1,-1
701,0,10000,50,10001,1,10002,1,10004,4,-1,-1,-1,-1,-1,-1,-1,-1
702,0,10000,50,10001,1,10002,1,10004,4,-1,-1,-1,-1,-1,-1,-1,-1
703,0,10000,50,10001,1,10002,1,10004,4,-1,-1,-1,-1,-1,-1,-1,-1
704,0,10000,50,10001,1,10002,1,10004,4,-1,-1,-1,-1,-1,-1,-1,-1
705,1,10000,100,10001,2,10002,2,10004,5,10003,50,-1,-1,-1,-1,-1,-1
706,0,10000,50,10001,1,10002,1,10004,4,-1,-1,-1,-1,-1,-1,-1,-1
707,0,10000,50,10001,1,10002,1,10004,4,-1,-1,-1,-1,-1,-1,-1,-1
708,0,10000,50,10001,1,10002,1,10004,4,-1,-1,-1,-1,-1,-1,-1,-1
709,2,10000,150,10001,3,10002,3,10004,6,10003,100,-1,-1,-1,-1,-1,-1
710,0,10000,50,10001,1,10002,1,10004,4,-1,-1,-1,-1,-1,-1,-1,-1
711,0,10000,50,10001,1,10002,1,10004,4,-1,-1,-1,-1,-1,-1,-1,-1
712,0,10000,50,10001,1,10002,1,10004,4,-1,-1,-1,-1,-1,-1,-1,-1
713,0,10000,50,10001,1,10002,1,10004,4,-1,-1,-1,-1,-1,-1,-1,-1
714,0,10000,50,10001,1,10002,1,10004,4,-1,-1,-1,-1,-1,-1,-1,-1
715,1,10000,100,10001,2,10002,2,10004,5,10003,50,-1,-1,-1,-1,-1,-1
716,0,10000,50,10001,1,10002,1,10004,4,-1,-1,-1,-1,-1,-1,-1,-1
717,0,10000,50,10001,1,10002,1,10004,4,-1,-1,-1,-1,-1,-1,-1,-1
718,0,10000,50,10001,1,10002,1,10004,4,-1,-1,-1,-1,-1,-1,-1,-1
719,2,10000,150,10001,3,10002,3,10004,6,10003,100,-1,-1,-1,-1,-1,-1
720,0,10000,50,10001,1,10002,1,10004,4,-1,-1,-1,-1,-1,-1,-1,-1
721,0,10000,50,10001,1,10002,1,10004,4,-1,-1,-1,-1,-1,-1,-1,-1
722,0,10000,50,10001,1,10002,1,10004,4,-1,-1,-1,-1,-1,-1,-1,-1
723,0,10000,50,10001,1,10002,1,10004,4,-1,-1,-1,-1,-1,-1,-1,-1
724,0,10000,50,10001,1,10002,1,10004,4,-1,-1,-1,-1,-1,-1,-1,-1
725,1,10000,100,10001,2,10002,2,10004,5,10003,50,-1,-1,-1,-1,-1,-1
726,0,10000,50,10001,1,10002,1,10004,4,-1,-1,-1,-1,-1,-1,-1,-1
727,0,10000,50,10001,1,10002,1,10004,4,-1,-1,-1,-1,-1,-1,-1,-1
728,0,10000,50,10001,1,10002,1,10004,4,-1,-1,-1,-1,-1,-1,-1,-1
729,2,10000,150,10001,3,10002,3,10004,6,10003,100,-1,-1,-1,-1,-1,-1
730,0,10000,50,10001,1,10002,1,10004,4,-1,-1,-1,-1,-1,-1,-1,-1
731,0,10000,50,10001,1,10002,1,10004,4,-1,-1,-1,-1,-1,-1,-1,-1
732,0,10000,50,10001,1,10002,1,10004,4,-1,-1,-1,-1,-1,-1,-1,-1
733,0,10000,50,10001,1,10002,1,10004,4,-1,-1,-1,-1,-1,-1,-1,-1
734,0,10000,50,10001,1,10002,1,10004,4,-1,-1,-1,-1,-1,-1,-1,-1
735,1,10000,100,10001,2,10002,2,10004,5,10003,50,-1,-1,-1,-1,-1,-1
736,0,10000,50,10001,1,10002,1,10004,4,-1,-1,-1,-1,-1,-1,-1,-1
737,0,10000,50,10001,1,10002,1,10004,4,-1,-1,-1,-1,-1,-1,-1,-1
738,0,10000,50,10001,1,10002,1,10004,4,-1,-1,-1,-1,-1,-1,-1,-1
739,2,10000,150,10001,3,10002,3,10004,6,10003,100,-1,-1,-1,-1,-1,-1
740,0,10000,50,10001,1,10002,1,10004,4,-1,-1,-1,-1,-1,-1,-1,-1
741,0,10000,50,10001,1,10002,1,10004,4,-1,-1,-1,-1,-1,-1,-1,-1
742,0,10000,50,10001,1,10002,1,10004,4,-1,-1,-1,-1,-1,-1,-1,-1
743,0,10000,50,10001,1,10002,1,10004,4,-1,-1,-1,-1,-1,-1,-1,-1
744,0,10000,50,10001,1,10002,1,10004,4,-1,-1,-1,-1,-1,-1,-1,-1
745,1,10000,100,10001,2,10002,2,10004,5,10003,50,-1,-1,-1,-1,-1,-1
746,0,10000,50,10001,1,10002,1,10004,4,-1,-1,-1,-1,-1,-1,-1,-1
747,0,10000,50,10001,1,10002,1,10004,4,-1,-1,-1,-1,-1,-1,-1,-1
748,0,10000,50,10001,1,10002,1,10004,4,-1,-1,-1,-1,-1,-1,-1,-1
749,2,10000,150,10001,3,10002,3,10004,6,10003,100,-1,-1,-1,-1,-1,-1
750,0,10000,50,10001,1,10002,1,10004,4,-1,-1,-1,-1,-1,-1,-1,-1
751,0,10000,50,10001,1,10002,1,10004,4,-1,-1,-1,-1,-1,-1,-1,-1
752,0,10000,50,10001,1,10002,1,10004,4,-1,-1,-1,-1,-1,-1,-1,-1
753,0,10000,50,10001,1,10002,1,10004,4,-1,-1,-1,-1,-1,-1,-1,-1
754,0,10000,50,10001,1,10002,1,10004,4,-1,-1,-1,-1,-1,-1,-1,-1
755,1,10000,100,10001,2,10002,2,10004,5,10003,50,-1,-1,-1,-1,-1,-1
756,0,10000,50,10001,1,10002,1,10004,4,-1,-1,-1,-1,-1,-1,-1,-1
757,0,10000,50,10001,1,10002,1,10004,4,-1,-1,-1,-1,-1,-1,-1,-1
758,0,10000,50,10001,1,10002,1,10004,4,-1,-1,-1,-1,-1,-1,-1,-1
759,2,10000,150,10001,3,10002,3,10004,6,10003,100,-1,-1,-1,-1,-1,-1
760,0,10000,50,10001,1,10002,1,10004,4,-1,-1,-1,-1,-1,-1,-1,-1
761,0,10000,50,10001,1,10002,1,10004,4,-1,-1,-1,-1,-1,-1,-1,-1
762,0,10000,50,10001,1,10002,1,10004,4,-1,-1,-1,-1,-1,-1,-1,-1
763,0,10000,50,10001,1,10002,1,10004,4,-1,-1,-1,-1,-1,-1,-1,-1
764,0,10000,50,10001,1,10002,1,10004,4,-1,-1,-1,-1,-1,-1,-1,-1
765,1,10000,100,10001,2,10002,2,10004,5,10003,50,-1,-1,-1,-1,-1,-1
766,0,10000,50,10001,1,10002,1,10004,4,-1,-1,-1,-1,-1,-1,-1,-1
767,0,10000,50,10001,1,10002,1,10004,4,-1,-1,-1,-1,-1,-1,-1,-1
768,0,10000,50,10001,1,10002,1,10004,4,-1,-1,-1,-1,-1,-1,-1,-1
769,2,10000,150,10001,3,10002,3,10004,6,10003,100,-1,-1,-1,-1,-1,-1
770,0,10000,50,10001,1,10002,1,10004,4,-1,-1,-1,-1,-1,-1,-1,-1
771,0,10000,50,10001,1,10002,1,10004,4,-1,-1,-1,-1,-1,-1,-1,-1
772,0,10000,50,10001,1,10002,1,10004,4,-1,-1,-1,-1,-1,-1,-1,-1
773,0,10000,50,10001,1,10002,1,10004,4,-1,-1,-1,-1,-1,-1,-1,-1
774,0,10000,50,10001,1,10002,1,10004,4,-1,-1,-1,-1,-1,-1,-1,-1
775,1,10000,100,10001,2,10002,2,10004,5,10003,50,-1,-1,-1,-1,-1,-1
776,0,10000,50,10001,1,10002,1,10004,4,-1,-1,-1,-1,-1,-1,-1,-1
777,0,10000,50,10001,1,10002,1,10004,4,-1,-1,-1,-1,-1,-1,-1,-1
778,0,10000,50,10001,1,10002,1,10004,4,-1,-1,-1,-1,-1,-1,-1,-1
779,2,10000,150,10001,3,10002,3,10004,6,10003,100,-1,-1,-1,-1,-1,-1
780,0,10000,50,10001,1,10002,1,10004,4,-1,-1,-1,-1,-1,-1,-1,-1
781,0,10000,50,10001,1,10002,1,10004,4,-1,-1,-1,-1,-1,-1,-1,-1
782,0,10000,50,10001,1,10002,1,10004,4,-1,-1,-1,-1,-1,-1,-1,-1
783,0,10000,50,10001,1,10002,1,10004,4,-1,-1,-1,-1,-1,-1,-1,-1
784,0,10000,50,10001,1,10002,1,10004,4,-1,-1,-1,-1,-1,-1,-1,-1
785,1,10000,100,10001,2,10002,2,10004,5,10003,50,-1,-1,-1,-1,-1,-1
786,0,10000,50,10001,1,10002,1,10004,4,-1,-1,-1,-1,-1,-1,-1,-1
787,0,10000,50,10001,1,10002,1,10004,4,-1,-1,-1,-1,-1,-1,-1,-1
788,0,10000,50,10001,1,10002,1,10004,4,-1,-1,-1,-1,-1,-1,-1,-1
789,2,10000,150,10001,3,10002,3,10004,6,10003,100,-1,-1,-1,-1,-1,-1
790,0,10000,50,10001,1,10002,1,10004,4,-1,-1,-1,-1,-1,-1,-1,-1
791,0,10000,50,10001,1,10002,1,10004,4,-1,-1,-1,-1,-1,-1,-1,-1
792,0,10000,50,10001,1,10002,1,10004,4,-1,-1,-1,-1,-1,-1,-1,-1
793,0,10000,50,10001,1,10002,1,10004,4,-1,-1,-1,-1,-1,-1,-1,-1
794,0,10000,50,10001,1,10002,1,10004,4,-1,-1,-1,-1,-1,-1,-1,-1
795,1,10000,100,10001,2,10002,2,10004,5,10003,50,-1,-1,-1,-1,-1,-1
796,0,10000,50,10001,1,10002,1,10004,4,-1,-1,-1,-1,-1,-1,-1,-1
797,0,10000,50,10001,1,10002,1,10004,4,-1,-1,-1,-1,-1,-1,-1,-1
798,0,10000,50,10001,1,10002,1,10004,4,-1,-1,-1,-1,-1,-1,-1,-1
799,2,10000,150,10001,3,10002,3,10004,6,10003,100,-1,-1,-1,-1,-1,-1
800,0,10000,50,10001,1,10002,1,10004,4,-1,-1,-1,-1,-1,-1,-1,-1
801,0,10000,50,10001,1,10002,1,10004,5,-1,-1,-1,-1,-1,-1,-1,-1
802,0,10000,50,10001,1,10002,1,10004,5,-1,-1,-1,-1,-1,-1,-1,-1
803,0,10000,50,10001,1,10002,1,10004,5,-1,-1,-1,-1,-1,-1,-1,-1
804,0,10000,50,10001,1,10002,1,10004,5,-1,-1,-1,-1,-1,-1,-1,-1
805,1,10000,100,10001,2,10002,2,10004,6,10003,50,-1,-1,-1,-1,-1,-1
806,0,10000,50,10001,1,10002,1,10004,5,-1,-1,-1,-1,-1,-1,-1,-1
807,0,10000,50,10001,1,10002,1,10004,5,-1,-1,-1,-1,-1,-1,-1,-1
808,0,10000,50,10001,1,10002,1,10004,5,-1,-1,-1,-1,-1,-1,-1,-1
809,2,10000,150,10001,3,10002,3,10004,7,10003,100,-1,-1,-1,-1,-1,-1
810,0,10000,50,10001,1,10002,1,10004,5,-1,-1,-1,-1,-1,-1,-1,-1
811,0,10000,50,10001,1,10002,1,10004,5,-1,-1,-1,-1,-1,-1,-1,-1
812,0,10000,50,10001,1,10002,1,10004,5,-1,-1,-1,-1,-1,-1,-1,-1
813,0,10000,50,10001,1,10002,1,10004,5,-1,-1,-1,-1,-1,-1,-1,-1
814,0,10000,50,10001,1,10002,1,10004,5,-1,-1,-1,-1,-1,-1,-1,-1
815,1,10000,100,10001,2,10002,2,10004,6,10003,50,-1,-1,-1,-1,-1,-1
816,0,10000,50,10001,1,10002,1,10004,5,-1,-1,-1,-1,-1,-1,-1,-1
817,0,10000,50,10001,1,10002,1,10004,5,-1,-1,-1,-1,-1,-1,-1,-1
818,0,10000,50,10001,1,10002,1,10004,5,-1,-1,-1,-1,-1,-1,-1,-1
819,2,10000,150,10001,3,10002,3,10004,7,10003,100,-1,-1,-1,-1,-1,-1
820,0,10000,50,10001,1,10002,1,10004,5,-1,-1,-1,-1,-1,-1,-1,-1
821,0,10000,50,10001,1,10002,1,10004,5,-1,-1,-1,-1,-1,-1,-1,-1
822,0,10000,50,10001,1,10002,1,10004,5,-1,-1,-1,-1,-1,-1,-1,-1
823,0,10000,50,10001,1,10002,1,10004,5,-1,-1,-1,-1,-1,-1,-1,-1
824,0,10000,50,10001,1,10002,1,10004,5,-1,-1,-1,-1,-1,-1,-1,-1
825,1,10000,100,10001,2,10002,2,10004,6,10003,50,-1,-1,-1,-1,-1,-1
826,0,10000,50,10001,1,10002,1,10004,5,-1,-1,-1,-1,-1,-1,-1,-1
827,0,10000,50,10001,1,10002,1,10004,5,-1,-1,-1,-1,-1,-1,-1,-1
828,0,10000,50,10001,1,10002,1,10004,5,-1,-1,-1,-1,-1,-1,-1,-1
829,2,10000,150,10001,3,10002,3,10004,7,10003,100,-1,-1,-1,-1,-1,-1
830,0,10000,50,10001,1,10002,1,10004,5,-1,-1,-1,-1,-1,-1,-1,-1
831,0,10000,50,10001,1,10002,1,10004,5,-1,-1,-1,-1,-1,-1,-1,-1
832,0,10000,50,10001,1,10002,1,10004,5,-1,-1,-1,-1,-1,-1,-1,-1
833,0,10000,50,10001,1,10002,1,10004,5,-1,-1,-1,-1,-1,-1,-1,-1
834,0,10000,50,10001,1,10002,1,10004,5,-1,-1,-1,-1,-1,-1,-1,-1
835,1,10000,100,10001,2,10002,2,10004,6,10003,50,-1,-1,-1,-1,-1,-1
836,0,10000,50,10001,1,10002,1,10004,5,-1,-1,-1,-1,-1,-1,-1,-1
837,0,10000,50,10001,1,10002,1,10004,5,-1,-1,-1,-1,-1,-1,-1,-1
838,0,10000,50,10001,1,10002,1,10004,5,-1,-1,-1,-1,-1,-1,-1,-1
839,2,10000,150,10001,3,10002,3,10004,7,10003,100,-1,-1,-1,-1,-1,-1
840,0,10000,50,10001,1,10002,1,10004,5,-1,-1,-1,-1,-1,-1,-1,-1
841,0,10000,50,10001,1,10002,1,10004,5,-1,-1,-1,-1,-1,-1,-1,-1
842,0,10000,50,10001,1,10002,1,10004,5,-1,-1,-1,-1,-1,-1,-1,-1
843,0,10000,50,10001,1,10002,1,10004,5,-1,-1,-1,-1,-1,-1,-1,-1
844,0,10000,50,10001,1,10002,1,10004,5,-1,-1,-1,-1,-1,-1,-1,-1
845,1,10000,100,10001,2,10002,2,10004,6,10003,50,-1,-1,-1,-1,-1,-1
846,0,10000,50,10001,1,10002,1,10004,5,-1,-1,-1,-1,-1,-1,-1,-1
847,0,10000,50,10001,1,10002,1,10004,5,-1,-1,-1,-1,-1,-1,-1,-1
848,0,10000,50,10001,1,10002,1,10004,5,-1,-1,-1,-1,-1,-1,-1,-1
849,2,10000,150,10001,3,10002,3,10004,7,10003,100,-1,-1,-1,-1,-1,-1
850,0,10000,50,10001,1,10002,1,10004,5,-1,-1,-1,-1,-1,-1,-1,-1
851,0,10000,50,10001,1,10002,1,10004,5,-1,-1,-1,-1,-1,-1,-1,-1
852,0,10000,50,10001,1,10002,1,10004,5,-1,-1,-1,-1,-1,-1,-1,-1
853,0,10000,50,10001,1,10002,1,10004,5,-1,-1,-1,-1,-1,-1,-1,-1
854,0,10000,50,10001,1,10002,1,10004,5,-1,-1,-1,-1,-1,-1,-1,-1
855,1,10000,100,10001,2,10002,2,10004,6,10003,50,-1,-1,-1,-1,-1,-1
856,0,10000,50,10001,1,10002,1,10004,5,-1,-1,-1,-1,-1,-1,-1,-1
857,0,10000,50,10001,1,10002,1,10004,5,-1,-1,-1,-1,-1,-1,-1,-1
858,0,10000,50,10001,1,10002,1,10004,5,-1,-1,-1,-1,-1,-1,-1,-1
859,2,10000,150,10001,3,10002,3,10004,7,10003,100,-1,-1,-1,-1,-1,-1
860,0,10000,50,10001,1,10002,1,10004,5,-1,-1,-1,-1,-1,-1,-1,-1
861,0,10000,50,10001,1,10002,1,10004,5,-1,-1,-1,-1,-1,-1,-1,-1
862,0,10000,50,10001,1,10002,1,10004,5,-1,-1,-1,-1,-1,-1,-1,-1
863,0,10000,50,10001,1,10002,1,10004,5,-1,-1,-1,-1,-1,-1,-1,-1
864,0,10000,50,10001,1,10002,1,10004,5,-1,-1,-1,-1,-1,-1,-1,-1
865,1,10000,100,10001,2,10002,2,10004,6,10003,50,-1,-1,-1,-1,-1,-1
866,0,10000,50,10001,1,10002,1,10004,5,-1,-1,-1,-1,-1,-1,-1,-1
867,0,10000,50,10001,1,10002,1,10004,5,-1,-1,-1,-1,-1,-1,-1,-1
868,0,10000,50,10001,1,10002,1,10004,5,-1,-1,-1,-1,-1,-1,-1,-1
869,2,10000,150,10001,3,10002,3,10004,7,10003,100,-1,-1,-1,-1,-1,-1
870,0,10000,50,10001,1,10002,1,10004,5,-1,-1,-1,-1,-1,-1,-1,-1
871,0,10000,50,10001,1,10002,1,10004,5,-1,-1,-1,-1,-1,-1,-1,-1
872,0,10000,50,10001,1,10002,1,10004,5,-1,-1,-1,-1,-1,-1,-1,-1
873,0,10000,50,10001,1,10002,1,10004,5,-1,-1,-1,-1,-1,-1,-1,-1
874,0,10000,50,10001,1,10002,1,10004,5,-1,-1,-1,-1,-1,-1,-1,-1
875,1,10000,100,10001,2,10002,2,10004,6,10003,50,-1,-1,-1,-1,-1,-1
876,0,10000,50,10001,1,10002,1,10004,5,-1,-1,-1,-1,-1,-1,-1,-1
877,0,10000,50,10001,1,10002,1,10004,5,-1,-1,-1,-1,-1,-1,-1,-1
878,0,10000,50,10001,1,10002,1,10004,5,-1,-1,-1,-1,-1,-1,-1,-1
879,2,10000,150,10001,3,10002,3,10004,7,10003,100,-1,-1,-1,-1,-1,-1
880,0,10000,50,10001,1,10002,1,10004,5,-1,-1,-1,-1,-1,-1,-1,-1
881,0,10000,50,10001,1,10002,1,10004,5,-1,-1,-1,-1,-1,-1,-1,-1
882,0,10000,50,10001,1,10002,1,10004,5,-1,-1,-1,-1,-1,-1,-1,-1
883,0,10000,50,10001,1,10002,1,10004,5,-1,-1,-1,-1,-1,-1,-1,-1
884,0,10000,50,10001,1,10002,1,10004,5,-1,-1,-1,-1,-1,-1,-1,-1
885,1,10000,100,10001,2,10002,2,10004,6,10003,50,-1,-1,-1,-1,-1,-1
886,0,10000,50,10001,1,10002,1,10004,5,-1,-1,-1,-1,-1,-1,-1,-1
887,0,10000,50,10001,1,10002,1,10004,5,-1,-1,-1,-1,-1,-1,-1,-1
888,0,10000,50,10001,1,10002,1,10004,5,-1,-1,-1,-1,-1,-1,-1,-1
889,2,10000,150,10001,3,10002,3,10004,7,10003,100,-1,-1,-1,-1,-1,-1
890,0,10000,50,10001,1,10002,1,10004,5,-1,-1,-1,-1,-1,-1,-1,-1
891,0,10000,50,10001,1,10002,1,10004,5,-1,-1,-1,-1,-1,-1,-1,-1
892,0,10000,50,10001,1,10002,1,10004,5,-1,-1,-1,-1,-1,-1,-1,-1
893,0,10000,50,10001,1,10002,1,10004,5,-1,-1,-1,-1,-1,-1,-1,-1
894,0,10000,50,10001,1,10002,1,10004,5,-1,-1,-1,-1,-1,-1,-1,-1
895,1,10000,100,10001,2,10002,2,10004,6,10003,50,-1,-1,-1,-1,-1,-1
896,0,10000,50,10001,1,10002,1,10004,5,-1,-1,-1,-1,-1,-1,-1,-1
897,0,10000,50,10001,1,10002,1,10004,5,-1,-1,-1,-1,-1,-1,-1,-1
898,0,10000,50,10001,1,10002,1,10004,5,-1,-1,-1,-1,-1,-1,-1,-1
899,2,10000,150,10001,3,10002,3,10004,7,10003,100,-1,-1,-1,-1,-1,-1
900,0,10000,50,10001,1,10002,1,10004,5,-1,-1,-1,-1,-1,-1,-1,-1
901,0,10000,50,10001,1,10002,1,10004,5,-1,-1,-1,-1,-1,-1,-1,-1
902,0,10000,50,10001,1,10002,1,10004,5,-1,-1,-1,-1,-1,-1,-1,-1
903,0,10000,50,10001,1,10002,1,10004,5,-1,-1,-1,-1,-1,-1,-1,-1
904,0,10000,50,10001,1,10002,1,10004,5,-1,-1,-1,-1,-1,-1,-1,-1
905,1,10000,100,10001,2,10002,2,10004,6,10003,50,-1,-1,-1,-1,-1,-1
906,0,10000,50,10001,1,10002,1,10004,5,-1,-1,-1,-1,-1,-1,-1,-1
907,0,10000,50,10001,1,10002,1,10004,5,-1,-1,-1,-1,-1,-1,-1,-1
908,0,10000,50,10001,1,10002,1,10004,5,-1,-1,-1,-1,-1,-1,-1,-1
909,2,10000,150,10001,3,10002,3,10004,7,10003,100,-1,-1,-1,-1,-1,-1
910,0,10000,50,10001,1,10002,1,10004,5,-1,-1,-1,-1,-1,-1,-1,-1
911,0,10000,50,10001,1,10002,1,10004,5,-1,-1,-1,-1,-1,-1,-1,-1
912,0,10000,50,10001,1,10002,1,10004,5,-1,-1,-1,-1,-1,-1,-1,-1
913,0,10000,50,10001,1,10002,1,10004,5,-1,-1,-1,-1,-1,-1,-1,-1
914,0,10000,50,10001,1,10002,1,10004,5,-1,-1,-1,-1,-1,-1,-1,-1
915,1,10000,100,10001,2,10002,2,10004,6,10003,50,-1,-1,-1,-1,-1,-1
916,0,10000,50,10001,1,10002,1,10004,5,-1,-1,-1,-1,-1,-1,-1,-1
917,0,10000,50,10001,1,10002,1,10004,5,-1,-1,-1,-1,-1,-1,-1,-1
918,0,10000,50,10001,1,10002,1,10004,5,-1,-1,-1,-1,-1,-1,-1,-1
919,2,10000,150,10001,3,10002,3,10004,7,10003,100,-1,-1,-1,-1,-1,-1
920,0,10000,50,10001,1,10002,1,10004,5,-1,-1,-1,-1,-1,-1,-1,-1
921,0,10000,50,10001,1,10002,1,10004,5,-1,-1,-1,-1,-1,-1,-1,-1
922,0,10000,50,10001,1,10002,1,10004,5,-1,-1,-1,-1,-1,-1,-1,-1
923,0,10000,50,10001,1,10002,1,10004,5,-1,-1,-1,-1,-1,-1,-1,-1
924,0,10000,50,10001,1,10002,1,10004,5,-1,-1,-1,-1,-1,-1,-1,-1
925,1,10000,100,10001,2,10002,2,10004,6,10003,50,-1,-1,-1,-1,-1,-1
926,0,10000,50,10001,1,10002,1,10004,5,-1,-1,-1,-1,-1,-1,-1,-1
927,0,10000,50,10001,1,10002,1,10004,5,-1,-1,-1,-1,-1,-1,-1,-1
928,0,10000,50,10001,1,10002,1,10004,5,-1,-1,-1,-1,-1,-1,-1,-1
929,2,10000,150,10001,3,10002,3,10004,7,10003,100,-1,-1,-1,-1,-1,-1
930,0,10000,50,10001,1,10002,1,10004,5,-1,-1,-1,-1,-1,-1,-1,-1
931,0,10000,50,10001,1,10002,1,10004,5,-1,-1,-1,-1,-1,-1,-1,-1
932,0,10000,50,10001,1,10002,1,10004,5,-1,-1,-1,-1,-1,-1,-1,-1
933,0,10000,50,10001,1,10002,1,10004,5,-1,-1,-1,-1,-1,-1,-1,-1
934,0,10000,50,10001,1,10002,1,10004,5,-1,-1,-1,-1,-1,-1,-1,-1
935,1,10000,100,10001,2,10002,2,10004,6,10003,50,-1,-1,-1,-1,-1,-1
936,0,10000,50,10001,1,10002,1,10004,5,-1,-1,-1,-1,-1,-1,-1,-1
937,0,10000,50,10001,1,10002,1,10004,5,-1,-1,-1,-1,-1,-1,-1,-1
938,0,10000,50,10001,1,10002,1,10004,5,-1,-1,-1,-1,-1,-1,-1,-1
939,2,10000,150,10001,3,10002,3,10004,7,10003,100,-1,-1,-1,-1,-1,-1
940,0,10000,50,10001,1,10002,1,10004,5,-1,-1,-1,-1,-1,-1,-1,-1
941,0,10000,50,10001,1,10002,1,10004,5,-1,-1,-1,-1,-1,-1,-1,-1
942,0,10000,50,10001,1,10002,1,10004,5,-1,-1,-1,-1,-1,-1,-1,-1
943,0,10000,50,10001,1,10002,1,10004,5,-1,-1,-1,-1,-1,-1,-1,-1
944,0,10000,50,10001,1,10002,1,10004,5,-1,-1,-1,-1,-1,-1,-1,-1
945,1,10000,100,10001,2,10002,2,10004,6,10003,50,-1,-1,-1,-1,-1,-1
946,0,10000,50,10001,1,10002,1,10004,5,-1,-1,-1,-1,-1,-1,-1,-1
947,0,10000,50,10001,1,10002,1,10004,5,-1,-1,-1,-1,-1,-1,-1,-1
948,0,10000,50,10001,1,10002,1,10004,5,-1,-1,-1,-1,-1,-1,-1,-1
949,2,10000,150,10001,3,10002,3,10004,7,10003,100,-1,-1,-1,-1,-1,-1
950,0,10000,50,10001,1,10002,1,10004,5,-1,-1,-1,-1,-1,-1,-1,-1
951,0,10000,50,10001,1,10002,1,10004,5,-1,-1,-1,-1,-1,-1,-1,-1
952,0,10000,50,10001,1,10002,1,10004,5,-1,-1,-1,-1,-1,-1,-1,-1
953,0,10000,50,10001,1,10002,1,10004,5,-1,-1,-1,-1,-1,-1,-1,-1
954,0,10000,50,10001,1,10002,1,10004,5,-1,-1,-1,-1,-1,-1,-1,-1
955,1,10000,100,10001,2,10002,2,10004,6,10003,50,-1,-1,-1,-1,-1,-1
956,0,10000,50,10001,1,10002,1,10004,5,-1,-1,-1,-1,-1,-1,-1,-1
957,0,10000,50,10001,1,10002,1,10004,5,-1,-1,-1,-1,-1,-1,-1,-1
958,0,10000,50,10001,1,10002,1,10004,5,-1,-1,-1,-1,-1,-1,-1,-1
959,2,10000,150,10001,3,10002,3,10004,7,10003,100,-1,-1,-1,-1,-1,-1
960,0,10000,50,10001,1,10002,1,10004,5,-1,-1,-1,-1,-1,-1,-1,-1
961,0,10000,50,10001,1,10002,1,10004,5,-1,-1,-1,-1,-1,-1,-1,-1
962,0,10000,50,10001,1,10002,1,10004,5,-1,-1,-1,-1,-1,-1,-1,-1
963,0,10000,50,10001,1,10002,1,10004,5,-1,-1,-1,-1,-1,-1,-1,-1
964,0,10000,50,10001,1,10002,1,10004,5,-1,-1,-1,-1,-1,-1,-1,-1
965,1,10000,100,10001,2,10002,2,10004,6,10003,50,-1,-1,-1,-1,-1,-1
966,0,10000,50,10001,1,10002,1,10004,5,-1,-1,-1,-1,-1,-1,-1,-1
967,0,10000,50,10001,1,10002,1,10004,5,-1,-1,-1,-1,-1,-1,-1,-1
968,0,10000,50,10001,1,10002,1,10004,5,-1,-1,-1,-1,-1,-1,-1,-1
969,2,10000,150,10001,3,10002,3,10004,7,10003,100,-1,-1,-1,-1,-1,-1
970,0,10000,50,10001,1,10002,1,10004,5,-1,-1,-1,-1,-1,-1,-1,-1
971,0,10000,50,10001,1,10002,1,10004,5,-1,-1,-1,-1,-1,-1,-1,-1
972,0,10000,50,10001,1,10002,1,10004,5,-1,-1,-1,-1,-1,-1,-1,-1
973,0,10000,50,10001,1,10002,1,10004,5,-1,-1,-1,-1,-1,-1,-1,-1
974,0,10000,50,10001,1,10002,1,10004,5,-1,-1,-1,-1,-1,-1,-1,-1
975,1,10000,100,10001,2,10002,2,10004,6,10003,50,-1,-1,-1,-1,-1,-1
976,0,10000,50,10001,1,10002,1,10004,5,-1,-1,-1,-1,-1,-1,-1,-1
977,0,10000,50,10001,1,10002,1,10004,5,-1,-1,-1,-1,-1,-1,-1,-1
978,0,10000,50,10001,1,10002,1,10004,5,-1,-1,-1,-1,-1,-1,-1,-1
979,2,10000,150,10001,3,10002,3,10004,7,10003,100,-1,-1,-1,-1,-1,-1
980,0,10000,50,10001,1,10002,1,10004,5,-1,-1,-1,-1,-1,-1,-1,-1
981,0,10000,50,10001,1,10002,1,10004,5,-1,-1,-1,-1,-1,-1,-1,-1
982,0,10000,50,10001,1,10002,1,10004,5,-1,-1,-1,-1,-1,-1,-1,-1
983,0,10000,50,10001,1,10002,1,10004,5,-1,-1,-1,-1,-1,-1,-1,-1
984,0,10000,50,10001,1,10002,1,10004,5,-1,-1,-1,-1,-1,-1,-1,-1
985,1,10000,100,10001,2,10002,2,10004,6,10003,50,-1,-1,-1,-1,-1,-1
986,0,10000,50,10001,1,10002,1,10004,5,-1,-1,-1,-1,-1,-1,-1,-1
987,0,10000,50,10001,1,10002,1,10004,5,-1,-1,-1,-1,-1,-1,-1,-1
988,0,10000,50,10001,1,10002,1,10004,5,-1,-1,-1,-1,-1,-1,-1,-1
989,2,10000,150,10001,3,10002,3,10004,7,10003,100,-1,-1,-1,-1,-1,-1
990,0,10000,50,10001,1,10002,1,10004,5,-1,-1,-1,-1,-1,-1,-1,-1
991,0,10000,50,10001,1,10002,1,10004,5,-1,-1,-1,-1,-1,-1,-1,-1
992,0,10000,50,10001,1,10002,1,10004,5,-1,-1,-1,-1,-1,-1,-1,-1
993,0,10000,50,10001,1,10002,1,10004,5,-1,-1,-1,-1,-1,-1,-1,-1
994,0,10000,50,10001,1,10002,1,10004,5,-1,-1,-1,-1,-1,-1,-1,-1
995,1,10000,100,10001,2,10002,2,10004,6,10003,50,-1,-1,-1,-1,-1,-1
996,0,10000,50,10001,1,10002,1,10004,5,-1,-1,-1,-1,-1,-1,-1,-1
997,0,10000,50,10001,1,10002,1,10004,5,-1,-1,-1,-1,-1,-1,-1,-1
998,0,10000,50,10001,1,10002,1,10004,5,-1,-1,-1,-1,-1,-1,-1,-1
999,2,10000,150,10001,3,10002,3,10004,7,10003,100,-1,-1,-1,-1,-1,-1
